ID_GRAFIC,LEVEL,TYPE,COLOR,STYLE,WEIGHT,HEIGHT,ORIENTX,ORIENTY,ORIENTZ,MAPX,MAPY,CODI_SIMB,MIDASX,MIDASY,FONT,JUSTIF,SIZE,NUM_C,TEXT,CAS,FONT_ENTIT,MAPX_1,MAPY_1,MAPZ
1,0,2,46,0,0,487.39,0.0,0.0,0.0,460370.54,4670798.13,COTA,0.001,0.0,34,1,5.0,5,487.4,COT01,/POSE/X4.83/Y-5.80/m,460370.54,4670798.13,487.39
4,0,2,46,0,0,462.44,0.0,0.0,0.0,459903.47,4670819.75,COTA,0.001,0.0,34,1,5.0,5,462.4,COT01,/POSE/X0.00/Y-7.50/m,459903.47,4670819.75,462.44
8,0,2,46,0,0,505.32,0.0,0.0,0.0,460111.18,4670800.5,COTA,0.001,0.0,34,1,5.0,5,505.3,COT01,/POSE/X2.57/Y0.52/m,460111.18,4670800.5,505.32
11,0,2,46,0,0,491.69,0.0,0.0,0.0,460165.13,4670855.12,COTA,0.001,0.0,34,1,5.0,5,491.7,COT01,/POSE/X0.00/Y-7.50/m,460165.13,4670855.12,491.69
13,0,2,46,0,0,659.3,0.0,0.0,0.0,460142.74,4670258.4,COTA,0.001,0.0,34,1,5.0,5,659.3,COT01,/POSE/X-1.57/Y-9.38/m,460142.74,4670258.4,659.3
14,0,2,46,0,0,658.76,0.0,0.0,0.0,460096.27,4670262.45,COTA,0.001,0.0,34,1,5.0,5,658.8,COT01,/POSE/X-13.57/Y9.15/m,460096.27,4670262.45,658.76
15,0,2,46,0,0,651.3,0.0,0.0,0.0,460199.25,4670159.01,COTA,0.001,0.0,34,1,5.0,5,651.3,COT01,/POSE/X-13.75/Y-8.39/m,460199.25,4670159.01,651.3
16,0,2,46,0,0,637.07,0.0,0.0,0.0,460190.23,4670013.41,COTA,0.001,0.0,34,1,5.0,5,637.1,COT01,/POSE/X5.30/Y2.44/m,460190.23,4670013.41,637.07
17,0,2,46,0,0,655.09,0.0,0.0,0.0,460055.19,4670304.94,COTA,0.001,0.0,34,1,5.0,5,655.1,COT01,/POSE/X3.75/Y-5.15/m,460055.19,4670304.94,655.09
18,0,2,46,0,0,646.32,0.0,0.0,0.0,460004.25,4670355.95,COTA,0.001,0.0,34,1,5.0,5,646.3,COT01,/POSE/X-4.87/Y-8.15/m,460004.25,4670355.95,646.32
19,0,2,46,0,0,632.56,0.0,0.0,0.0,459847.28,4670405.55,COTA,0.001,0.0,34,1,5.0,5,632.6,COT01,/POSE/X0.00/Y-7.50/m,459847.28,4670405.55,632.56
20,0,2,46,0,0,628.5,0.0,0.0,0.0,459889.07,4670311.38,COTA,0.001,0.0,34,1,5.0,5,628.5,COT01,/POSE/X0.00/Y-7.50/m,459889.07,4670311.38,628.5
21,0,2,46,0,0,646.04,0.0,0.0,0.0,460021.79,4670234.51,COTA,0.001,0.0,34,1,5.0,5,646.0,COT01,/POSE/X-9.06/Y-9.55/m,460021.79,4670234.51,646.04
22,0,2,46,0,0,653.05,0.0,0.0,0.0,460097.96,4670206.64,COTA,0.001,0.0,34,1,5.0,5,653.1,COT01,/POSE/X0.00/Y-7.50/m,460097.96,4670206.64,653.05
26,0,2,46,0,0,639.54,0.0,0.0,0.0,460056.29,4670125.91,COTA,0.001,0.0,34,1,5.0,5,639.5,COT01,/POSE/X-4.43/Y-8.28/m,460056.29,4670125.91,639.54
34,0,2,46,0,0,638.31,0.0,0.0,0.0,460165.56,4669897.37,COTA,0.001,0.0,34,1,5.0,5,638.3,COT01,/POSE/X-19.24/Y-4.53/m,460165.56,4669897.37,638.31
35,0,2,46,0,0,639.49,0.0,0.0,0.0,460161.38,4669853.66,COTA,0.001,0.0,34,1,5.0,5,639.5,COT01,/POSE/X2.95/Y-8.14/m,460161.38,4669853.66,639.49
36,0,2,46,0,0,647.94,0.0,0.0,0.0,460238.88,4669879.79,COTA,0.001,0.0,34,1,5.0,5,647.9,COT01,/POSE/X3.73/Y-4.00/m,460238.88,4669879.79,647.94
37,0,2,46,0,0,645.55,0.0,0.0,0.0,460224.07,4669907.21,COTA,0.001,0.0,34,1,5.0,5,645.6,COT01,/POSE/X3.16/Y-8.30/m,460224.07,4669907.21,645.55
40,0,2,46,0,0,641.81,0.0,0.0,0.0,460228.9,4669964.42,COTA,0.001,0.0,34,1,5.0,5,641.8,COT01,/POSE/X-15.51/Y-8.04/m,460228.9,4669964.42,641.81
42,0,2,46,0,0,638.73,0.0,0.0,0.0,460227.58,4670051.26,COTA,0.001,0.0,34,1,5.0,5,638.7,COT01,/POSE/X0.00/Y-7.50/m,460227.58,4670051.26,638.73
46,0,2,46,0,0,618.55,0.0,0.0,0.0,459856.91,4669857.51,COTA,0.001,0.0,34,1,5.0,5,618.6,COT01,/POSE/X0.00/Y-7.50/m,459856.91,4669857.51,618.55
50,0,2,46,0,0,620.66,0.0,0.0,0.0,459903.86,4669939.11,COTA,0.001,0.0,34,1,5.0,5,620.7,COT01,/POSE/X-9.98/Y-12.50/m,459903.86,4669939.11,620.66
52,0,2,46,0,0,613.77,0.0,0.0,0.0,459866.33,4670130.83,COTA,0.001,0.0,34,1,5.0,5,613.8,COT01,/POSE/X-8.36/Y-8.37/m,459866.33,4670130.83,613.77
53,0,2,46,0,0,611.48,0.0,0.0,0.0,459817.36,4670050.02,COTA,0.001,0.0,34,1,5.0,5,611.5,COT01,/POSE/X-5.27/Y-8.02/m,459817.36,4670050.02,611.48
57,0,2,46,0,0,595.9,0.0,0.0,0.0,459638.08,4670088.99,COTA,0.001,0.0,34,1,5.0,5,595.9,COT01,/POSE/X0.00/Y-7.50/m,459638.08,4670088.99,595.9
61,0,2,46,0,0,588.19,0.0,0.0,0.0,459528.76,4669781.84,COTA,0.001,0.0,34,1,5.0,5,588.2,COT01,/POSE/X0.00/Y-7.50/m,459528.76,4669781.84,588.19
64,0,2,46,0,0,507.27,0.0,0.0,0.0,460407.26,4670605.67,COTA,0.001,0.0,34,1,5.0,5,507.3,COT01,/POSE/X-13.95/Y-9.78/m,460407.26,4670605.67,507.27
68,0,2,46,0,0,648.82,0.0,0.0,0.0,460172.95,4670308.16,COTA,0.001,0.0,34,1,5.0,5,648.8,COT01,/POSE/X-14.26/Y-9.13/m,460172.95,4670308.16,648.82
74,0,2,46,0,0,651.73,0.0,0.0,0.0,460286.5,4669846.35,COTA,0.001,0.0,34,1,5.0,5,651.7,COT01,/POSE/X-17.30/Y-1.79/m,460286.5,4669846.35,651.73
75,0,2,46,0,0,655.65,0.0,0.0,0.0,460320.72,4669765.38,COTA,0.001,0.0,34,1,5.0,5,655.7,COT01,/POSE/X0.00/Y-7.50/m,460320.72,4669765.38,655.65
85,0,2,46,0,0,648.35,0.0,0.0,0.0,460197.6,4669596.64,COTA,0.001,0.0,34,1,5.0,5,648.4,COT01,/POSE/X0.00/Y-7.50/m,460197.6,4669596.64,648.35
87,0,2,46,0,0,677.36,0.0,0.0,0.0,460487.0,4669584.5,COTA,0.001,0.0,34,1,5.0,5,677.4,COT01,/POSE/X-7.94/Y-9.09/m,460487.0,4669584.5,677.36
89,0,2,46,0,0,613.99,0.0,0.0,0.0,459771.78,4669732.3,COTA,0.001,0.0,34,1,5.0,5,614.0,COT01,/POSE/X0.00/Y-7.50/m,459771.78,4669732.3,613.99
91,0,2,46,0,0,619.73,0.0,0.0,0.0,459872.34,4669825.56,COTA,0.001,0.0,34,1,5.0,5,619.7,COT01,/POSE/X1.94/Y-7.83/m,459872.34,4669825.56,619.73
93,0,2,46,0,0,625.67,0.0,0.0,0.0,459897.92,4669724.22,COTA,0.001,0.0,34,1,5.0,5,625.7,COT01,/POSE/X-6.47/Y-9.14/m,459897.92,4669724.22,625.67
95,0,2,46,0,0,633.93,0.0,0.0,0.0,460024.44,4669665.27,COTA,0.001,0.0,34,1,5.0,5,633.9,COT01,/POSE/X0.00/Y-7.50/m,460024.44,4669665.27,633.93
98,0,2,46,0,0,628.56,0.0,0.0,0.0,459882.74,4669651.83,COTA,0.001,0.0,34,1,5.0,5,628.6,COT01,/POSE/X-19.95/Y-5.86/m,459882.74,4669651.83,628.56
99,0,2,46,0,0,636.64,0.0,0.0,0.0,460119.07,4669825.2,COTA,0.001,0.0,34,1,5.0,5,636.6,COT01,/POSE/X-6.96/Y-9.59/m,460119.07,4669825.2,636.64
102,0,2,46,0,0,643.34,0.0,0.0,0.0,460211.1,4669858.44,COTA,0.001,0.0,34,1,5.0,5,643.3,COT01,/POSE/X0.00/Y-7.50/m,460211.1,4669858.44,643.34
103,0,2,46,0,0,648.79,0.0,0.0,0.0,460205.62,4669651.46,COTA,0.001,0.0,34,1,5.0,5,648.8,COT01,/POSE/X0.00/Y-7.50/m,460205.62,4669651.46,648.79
105,0,2,46,0,0,629.58,0.0,0.0,0.0,460026.58,4669839.24,COTA,0.001,0.0,34,1,5.0,5,629.6,COT01,/POSE/X0.00/Y-7.50/m,460026.58,4669839.24,629.58
112,0,2,46,0,0,633.66,0.0,0.0,0.0,460028.74,4669522.05,COTA,0.001,0.0,34,1,5.0,5,633.7,COT01,/POSE/X-17.99/Y-9.71/m,460028.74,4669522.05,633.66
114,0,2,46,0,0,648.2,0.0,0.0,0.0,460269.94,4669483.25,COTA,0.001,0.0,34,1,5.0,5,648.2,COT01,/POSE/X-19.85/Y-4.05/m,460269.94,4669483.25,648.2
116,0,2,46,0,0,664.16,0.0,0.0,0.0,460381.74,4669209.0,COTA,0.001,0.0,34,1,5.0,5,664.2,COT01,/POSE/X5.10/Y-0.96/m,460381.74,4669209.0,664.16
117,0,2,46,0,0,673.32,0.0,0.0,0.0,460494.53,4669149.74,COTA,0.001,0.0,34,1,5.0,5,673.3,COT01,/POSE/X-1.44/Y-9.66/m,460494.53,4669149.74,673.32
119,0,2,46,0,0,671.1,0.0,0.0,0.0,460468.41,4669281.41,COTA,0.001,0.0,34,1,5.0,5,671.1,COT01,/POSE/X-18.97/Y-3.24/m,460468.41,4669281.41,671.1
121,0,2,46,0,0,671.08,0.0,0.0,0.0,460489.15,4669393.77,COTA,0.001,0.0,34,1,5.0,5,671.1,COT01,/POSE/X2.55/Y0.21/m,460489.15,4669393.77,671.08
122,0,2,46,0,0,665.16,0.0,0.0,0.0,460407.14,4669440.2,COTA,0.001,0.0,34,1,5.0,5,665.2,COT01,/POSE/X0.00/Y-7.50/m,460407.14,4669440.2,665.16
124,0,2,46,0,0,648.77,0.0,0.0,0.0,460258.84,4669545.89,COTA,0.001,0.0,34,1,5.0,5,648.8,COT01,/POSE/X-5.66/Y-8.72/m,460258.84,4669545.89,648.77
126,0,2,46,0,0,636.64,0.0,0.0,0.0,460123.23,4669455.22,COTA,0.001,0.0,34,1,5.0,5,636.6,COT01,/POSE/X0.00/Y-7.50/m,460123.23,4669455.22,636.64
127,0,2,46,0,0,661.13,0.0,0.0,0.0,460357.34,4669370.2,COTA,0.001,0.0,34,1,5.0,5,661.1,COT01,/POSE/X3.48/Y-7.50/m,460357.34,4669370.2,661.13
130,0,2,46,0,0,664.68,0.0,0.0,0.0,460412.35,4669233.74,COTA,0.001,0.0,34,1,5.0,5,664.7,COT01,/POSE/X0.00/Y-7.50/m,460412.35,4669233.74,664.68
134,0,2,46,0,0,660.62,0.0,0.0,0.0,460355.12,4669272.68,COTA,0.001,0.0,34,1,5.0,5,660.6,COT01,/POSE/X5.63/Y0.05/m,460355.12,4669272.68,660.62
142,0,2,46,0,0,613.7,0.0,0.0,0.0,459775.82,4669557.16,COTA,0.001,0.0,34,1,5.0,5,613.7,COT01,/POSE/X0.00/Y-7.50/m,459775.82,4669557.16,613.7
143,0,2,46,0,0,606.85,0.0,0.0,0.0,459743.64,4669456.85,COTA,0.001,0.0,34,1,5.0,5,606.9,COT01,/POSE/X1.84/Y-7.70/m,459743.64,4669456.85,606.85
146,0,2,46,0,0,598.3,0.0,0.0,0.0,459657.73,4669324.24,COTA,0.001,0.0,34,1,5.0,5,598.3,COT01,/POSE/X-9.73/Y-9.54/m,459657.73,4669324.24,598.3
149,0,2,46,0,0,600.99,0.0,0.0,0.0,459690.07,4669262.76,COTA,0.001,0.0,34,1,5.0,5,601.0,COT01,/POSE/X0.00/Y-7.50/m,459690.07,4669262.76,600.99
150,0,2,46,0,0,579.62,0.0,0.0,0.0,459464.91,4669272.15,COTA,0.001,0.0,34,1,5.0,5,579.6,COT01,/POSE/X0.00/Y-7.50/m,459464.91,4669272.15,579.62
151,0,2,46,0,0,605.22,0.0,0.0,0.0,459661.12,4669900.13,COTA,0.001,0.0,34,1,5.0,5,605.2,COT01,/POSE/X0.00/Y-7.50/m,459661.12,4669900.13,605.22
152,0,2,46,0,0,614.32,0.0,0.0,0.0,459819.46,4669324.18,COTA,0.001,0.0,34,1,5.0,5,614.3,COT01,/POSE/X0.00/Y-7.50/m,459819.46,4669324.18,614.32
153,0,2,46,0,0,619.55,0.0,0.0,0.0,459894.47,4669399.5,COTA,0.001,0.0,34,1,5.0,5,619.6,COT01,/POSE/X0.00/Y-7.50/m,459894.47,4669399.5,619.55
154,0,2,46,0,0,627.38,0.0,0.0,0.0,459983.81,4669503.69,COTA,0.001,0.0,34,1,5.0,5,627.4,COT01,/POSE/X0.00/Y-7.50/m,459983.81,4669503.69,627.38
157,0,2,46,0,0,623.45,0.0,0.0,0.0,459927.5,4669319.71,COTA,0.001,0.0,34,1,5.0,5,623.5,COT01,/POSE/X5.54/Y-2.70/m,459927.5,4669319.71,623.45
159,0,2,46,0,0,619.06,0.0,0.0,0.0,459876.87,4669181.19,COTA,0.001,0.0,34,1,5.0,5,619.1,COT01,/POSE/X5.41/Y2.50/m,459876.87,4669181.19,619.06
160,0,2,46,0,0,615.14,0.0,0.0,0.0,459802.95,4669168.89,COTA,0.001,0.0,34,1,5.0,5,615.1,COT01,/POSE/X2.52/Y4.33/m,459802.95,4669168.89,615.14
161,0,2,46,0,0,618.36,0.0,0.0,0.0,459876.23,4669211.52,COTA,0.001,0.0,34,1,5.0,5,618.4,COT01,/POSE/X4.60/Y-3.97/m,459876.23,4669211.52,618.36
166,0,2,46,0,0,602.95,0.0,0.0,0.0,459699.64,4669213.96,COTA,0.001,0.0,34,1,5.0,5,603.0,COT01,/POSE/X-12.54/Y-8.47/m,459699.64,4669213.96,602.95
167,0,2,46,0,0,602.45,0.0,0.0,0.0,459675.34,4669184.04,COTA,0.001,0.0,34,1,5.0,5,602.5,COT01,/POSE/X-18.35/Y-8.37/m,459675.34,4669184.04,602.45
176,0,2,46,0,0,648.39,0.0,0.0,0.0,460209.23,4669318.33,COTA,0.001,0.0,34,1,5.0,5,648.4,COT01,/POSE/X0.00/Y-7.50/m,460209.23,4669318.33,648.39
179,0,2,46,0,0,640.74,0.0,0.0,0.0,460131.24,4669156.15,COTA,0.001,0.0,34,1,5.0,5,640.7,COT01,/POSE/X0.00/Y-7.50/m,460131.24,4669156.15,640.74
180,0,2,46,0,0,633.08,0.0,0.0,0.0,460061.59,4669169.93,COTA,0.001,0.0,34,1,5.0,5,633.1,COT01,/POSE/X0.00/Y-7.50/m,460061.59,4669169.93,633.08
186,0,2,46,0,0,603.82,0.0,0.0,0.0,459677.62,4669028.67,COTA,0.001,0.0,34,1,5.0,5,603.8,COT01,/POSE/X-20.26/Y1.03/m,459677.62,4669028.67,603.82
187,0,2,46,0,0,609.23,0.0,0.0,0.0,459693.4,4668923.29,COTA,0.001,0.0,34,1,5.0,5,609.2,COT01,/POSE/X-17.91/Y-9.38/m,459693.4,4668923.29,609.23
188,0,2,46,0,0,619.27,0.0,0.0,0.0,459830.83,4668793.83,COTA,0.001,0.0,34,1,5.0,5,619.3,COT01,/POSE/X-4.87/Y-10.19/m,459830.83,4668793.83,619.27
189,0,2,46,0,0,607.73,0.0,0.0,0.0,459705.37,4668851.21,COTA,0.001,0.0,34,1,5.0,5,607.7,COT01,/POSE/X-2.17/Y-7.84/m,459705.37,4668851.21,607.73
190,0,2,46,0,0,586.08,0.0,0.0,0.0,459559.32,4668884.39,COTA,0.001,0.0,34,1,5.0,5,586.1,COT01,/POSE/X3.86/Y-5.51/m,459559.32,4668884.39,586.08
191,0,2,46,0,0,578.38,0.0,0.0,0.0,459502.21,4668931.55,COTA,0.001,0.0,34,1,5.0,5,578.4,COT01,/POSE/X-13.87/Y-11.48/m,459502.21,4668931.55,578.38
195,0,2,46,0,0,564.07,0.0,0.0,0.0,459411.35,4669088.83,COTA,0.001,0.0,34,1,5.0,5,564.1,COT01,/POSE/X-8.54/Y-8.78/m,459411.35,4669088.83,564.07
197,0,2,46,0,0,625.95,0.0,0.0,0.0,459945.58,4669114.59,COTA,0.001,0.0,34,1,5.0,5,626.0,COT01,/POSE/X0.00/Y-7.50/m,459945.58,4669114.59,625.95
200,0,2,46,0,0,605.23,0.0,0.0,0.0,459711.8,4669143.73,COTA,0.001,0.0,34,1,5.0,5,605.2,COT01,/POSE/X0.00/Y-7.50/m,459711.8,4669143.73,605.23
201,0,2,46,0,0,612.96,0.0,0.0,0.0,459775.24,4669056.81,COTA,0.001,0.0,34,1,5.0,5,613.0,COT01,/POSE/X0.00/Y-7.50/m,459775.24,4669056.81,612.96
202,0,2,46,0,0,627.02,0.0,0.0,0.0,459975.31,4669063.36,COTA,0.001,0.0,34,1,5.0,5,627.0,COT01,/POSE/X-7.01/Y-8.28/m,459975.31,4669063.36,627.02
203,0,2,46,0,0,625.22,0.0,0.0,0.0,459927.77,4668991.76,COTA,0.001,0.0,34,1,5.0,5,625.2,COT01,/POSE/X0.00/Y-7.50/m,459927.77,4668991.76,625.22
205,0,2,46,0,0,622.5,0.0,0.0,0.0,459856.29,4668827.94,COTA,0.001,0.0,34,1,5.0,5,622.5,COT01,/POSE/X-5.44/Y4.59/m,459856.29,4668827.94,622.5
206,0,2,46,0,0,613.18,0.0,0.0,0.0,459768.25,4668868.2,COTA,0.001,0.0,34,1,5.0,5,613.2,COT01,/POSE/X0.00/Y-7.50/m,459768.25,4668868.2,613.18
207,0,2,46,0,0,611.36,0.0,0.0,0.0,459742.59,4668915.97,COTA,0.001,0.0,34,1,5.0,5,611.4,COT01,/POSE/X0.00/Y-7.50/m,459742.59,4668915.97,611.36
216,0,2,46,0,0,631.51,0.0,0.0,0.0,460017.33,4668933.45,COTA,0.001,0.0,34,1,5.0,5,631.5,COT01,/POSE/X-18.62/Y1.64/m,460017.33,4668933.45,631.51
217,0,2,46,0,0,631.75,0.0,0.0,0.0,460058.85,4669032.73,COTA,0.001,0.0,34,1,5.0,5,631.8,COT01,/POSE/X0.00/Y-7.50/m,460058.85,4669032.73,631.75
219,0,2,46,0,0,647.22,0.0,0.0,0.0,460224.7,4669005.5,COTA,0.001,0.0,34,1,5.0,5,647.2,COT01,/POSE/X0.00/Y-7.50/m,460224.7,4669005.5,647.22
222,0,2,46,0,0,642.16,0.0,0.0,0.0,460132.2,4668873.79,COTA,0.001,0.0,34,1,5.0,5,642.2,COT01,/POSE/X-20.05/Y-0.79/m,460132.2,4668873.79,642.16
225,0,2,46,0,0,633.93,0.0,0.0,0.0,459964.81,4668609.73,COTA,0.001,0.0,34,1,5.0,5,633.9,COT01,/POSE/X4.62/Y0.01/m,459964.81,4668609.73,633.93
229,0,2,46,0,0,645.86,0.0,0.0,0.0,460175.99,4668697.57,COTA,0.001,0.0,34,1,5.0,5,645.9,COT01,/POSE/X0.00/Y-7.50/m,460175.99,4668697.57,645.86
230,0,2,46,0,0,648.58,0.0,0.0,0.0,460218.11,4668653.51,COTA,0.001,0.0,34,1,5.0,5,648.6,COT01,/POSE/X3.02/Y3.54/m,460218.11,4668653.51,648.58
232,0,2,46,0,0,646.62,0.0,0.0,0.0,460187.0,4668864.13,COTA,0.001,0.0,34,1,5.0,5,646.6,COT01,/POSE/X0.00/Y-7.50/m,460187.0,4668864.13,646.62
236,0,2,46,0,0,660.36,0.0,0.0,0.0,460490.17,4668767.33,COTA,0.001,0.0,34,1,5.0,5,660.4,COT01,/POSE/X0.00/Y-7.50/m,460490.17,4668767.33,660.36
241,0,2,46,0,0,662.14,0.0,0.0,0.0,460356.44,4669201.38,COTA,0.001,0.0,34,1,5.0,5,662.1,COT01,/POSE/X0.00/Y-7.50/m,460356.44,4669201.38,662.14
245,0,2,46,0,0,665.14,0.0,0.0,0.0,460441.88,4668935.73,COTA,0.001,0.0,34,1,5.0,5,665.1,COT01,/POSE/X-16.82/Y-8.83/m,460441.88,4668935.73,665.14
246,0,2,46,0,0,661.61,0.0,0.0,0.0,460393.22,4669073.72,COTA,0.001,0.0,34,1,5.0,5,661.6,COT01,/POSE/X4.60/Y-1.84/m,460393.22,4669073.72,661.61
252,0,2,46,0,0,619.74,0.0,0.0,0.0,459883.49,4669864.64,COTA,0.001,0.0,34,1,5.0,5,619.7,COT01,/POSE/X0.00/Y-7.50/m,459883.49,4669864.64,619.74
253,0,2,46,0,0,621.43,0.0,0.0,0.0,459907.01,4669895.72,COTA,0.001,0.0,34,1,5.0,5,621.4,COT01,/POSE/X2.20/Y-7.51/m,459907.01,4669895.72,621.43
257,0,2,46,0,0,634.39,0.0,0.0,0.0,460077.68,4670049.12,COTA,0.001,0.0,34,1,5.0,5,634.4,COT01,/POSE/X0.00/Y-7.50/m,460077.68,4670049.12,634.39
262,0,2,46,0,0,653.67,0.0,0.0,0.0,460277.92,4669129.95,COTA,0.001,0.0,34,1,5.0,5,653.7,COT01,/POSE/X-0.25/Y3.11/m,460277.92,4669129.95,653.67
263,0,2,46,0,0,641.86,0.0,0.0,0.0,460152.94,4668758.83,COTA,0.001,0.0,34,1,5.0,5,641.9,COT01,/POSE/X0.00/Y-7.50/m,460152.94,4668758.83,641.86
264,0,2,46,0,0,604.81,0.0,0.0,0.0,459757.04,4670049.88,COTA,0.001,0.0,34,1,5.0,5,604.8,COT01,/POSE/X4.43/Y3.67/m,459757.04,4670049.88,604.81
267,0,2,48,0,0,420.47,0.0,0.0,0.0,458717.05,4670763.99,COTAS,0.001,0.0,34,1,5.0,5,420.5,COT02,/POSE/X-22.00/Y-1.13/m,458717.05,4670763.99,420.47
268,0,2,48,0,0,429.18,0.0,0.0,0.0,458227.5,4670175.21,COTAS,0.001,0.0,34,1,5.0,5,429.2,COT02,/POSE/X-11.25/Y-12.71/m,458227.5,4670175.21,429.18
269,0,2,48,0,0,430.38,0.0,0.0,0.0,457983.12,4669905.0,COTAS,0.001,0.0,34,1,5.0,5,430.4,COT02,/POSE/X6.03/Y4.18/m,457983.12,4669905.0,430.38
271,0,2,48,0,0,433.97,0.0,0.0,0.0,457300.42,4669651.89,COTAS,0.001,0.0,34,1,5.0,5,434.0,COT02,/POSE/X8.35/Y-0.61/m,457300.42,4669651.89,433.97
272,0,2,48,0,0,431.45,0.0,0.0,0.0,457508.08,4669559.2,COTAS,0.001,0.0,34,1,5.0,5,431.5,COT02,/POSE/X3.04/Y-9.25/m,457508.08,4669559.2,431.45
276,0,2,46,0,0,425.47,0.0,0.0,0.0,458901.05,4670920.56,COTA,0.001,0.0,34,1,5.0,5,425.5,COT01,/POSE/X0.00/Y-7.50/m,458901.05,4670920.56,425.47
278,0,2,46,0,0,426.37,0.0,0.0,0.0,459174.27,4670789.77,COTA,0.001,0.0,34,1,5.0,5,426.4,COT01,/POSE/X-14.42/Y-8.68/m,459174.27,4670789.77,426.37
279,0,2,46,0,0,412.0,0.0,0.0,0.0,459464.88,4670893.88,COTA,0.001,0.0,34,1,5.0,5,412.0,COT01,/POSE/X-6.58/Y-8.97/m,459464.88,4670893.88,412.0
283,0,2,46,0,0,419.39,0.0,0.0,0.0,458631.48,4670836.89,COTA,0.001,0.0,34,1,5.0,5,419.4,COT01,/POSE/X-16.18/Y-7.50/m,458631.48,4670836.89,419.39
284,0,2,46,0,0,420.34,0.0,0.0,0.0,458565.12,4670712.18,COTA,0.001,0.0,34,1,5.0,5,420.3,COT01,/POSE/X4.73/Y-0.28/m,458565.12,4670712.18,420.34
288,0,2,46,0,0,418.28,0.0,0.0,0.0,458680.73,4670917.41,COTA,0.001,0.0,34,1,5.0,5,418.3,COT01,/POSE/X-9.54/Y-8.09/m,458680.73,4670917.41,418.28
293,0,2,46,0,0,426.94,0.0,0.0,0.0,458327.75,4670634.09,COTA,0.001,0.0,34,1,5.0,5,426.9,COT01,/POSE/X-16.50/Y-9.22/m,458327.75,4670634.09,426.94
295,0,2,46,0,0,427.96,0.0,0.0,0.0,458269.23,4670455.23,COTA,0.001,0.0,34,1,5.0,5,428.0,COT01,/POSE/X4.28/Y0.73/m,458269.23,4670455.23,427.96
301,0,2,46,0,0,413.73,0.0,0.0,0.0,458622.97,4670713.3,COTA,0.001,0.0,34,1,5.0,5,413.7,COT01,/POSE/X-5.41/Y-9.15/m,458622.97,4670713.3,413.73
304,0,2,46,0,0,420.56,0.0,0.0,0.0,458419.81,4670900.38,COTA,0.001,0.0,34,1,5.0,5,420.6,COT01,/POSE/X-3.40/Y-8.09/m,458419.81,4670900.38,420.56
313,0,2,46,0,0,420.49,0.0,0.0,0.0,458378.04,4670810.08,COTA,0.001,0.0,34,1,5.0,5,420.5,COT01,/POSE/X-9.25/Y-8.81/m,458378.04,4670810.08,420.49
315,0,2,46,0,0,424.42,0.0,0.0,0.0,458376.16,4670626.43,COTA,0.001,0.0,34,1,5.0,5,424.4,COT01,/POSE/X-18.18/Y-0.36/m,458376.16,4670626.43,424.42
317,0,2,46,0,0,425.54,0.0,0.0,0.0,458332.77,4670790.57,COTA,0.001,0.0,34,1,5.0,5,425.5,COT01,/POSE/X-16.00/Y-8.02/m,458332.77,4670790.57,425.54
320,0,2,46,0,0,420.33,0.0,0.0,0.0,458480.04,4670858.67,COTA,0.001,0.0,34,1,5.0,5,420.3,COT01,/POSE/X-20.46/Y1.44/m,458480.04,4670858.67,420.33
324,0,2,46,0,0,434.89,0.0,0.0,0.0,458087.4,4670405.62,COTA,0.001,0.0,34,1,5.0,5,434.9,COT01,/POSE/X0.00/Y-8.09/m,458087.4,4670405.62,434.89
330,0,2,46,0,0,427.81,0.0,0.0,0.0,458213.28,4670257.5,COTA,0.001,0.0,34,1,5.0,5,427.8,COT01,/POSE/X-16.16/Y3.96/m,458213.28,4670257.5,427.81
335,0,2,46,0,0,430.8,0.0,0.0,0.0,458172.17,4670258.92,COTA,0.001,0.0,34,1,5.0,5,430.8,COT01,/POSE/X-20.69/Y-5.88/m,458172.17,4670258.92,430.8
337,0,2,46,0,0,433.33,0.0,0.0,0.0,458101.59,4670294.82,COTA,0.001,0.0,34,1,5.0,5,433.3,COT01,/POSE/X-9.78/Y-8.30/m,458101.59,4670294.82,433.33
340,0,2,46,0,0,435.59,0.0,0.0,0.0,458122.63,4670502.04,COTA,0.001,0.0,34,1,5.0,5,435.6,COT01,/POSE/X-14.73/Y3.84/m,458122.63,4670502.04,435.59
341,0,2,46,0,0,442.99,0.0,0.0,0.0,458035.89,4670498.58,COTA,0.001,0.0,34,1,5.0,5,443.0,COT01,/POSE/X-11.28/Y-11.32/m,458035.89,4670498.58,442.99
343,0,2,46,0,0,442.42,0.0,0.0,0.0,457929.4,4670458.8,COTA,0.001,0.0,34,1,5.0,5,442.4,COT01,/POSE/X1.87/Y1.60/m,457929.4,4670458.8,442.42
345,0,2,46,0,0,440.87,0.0,0.0,0.0,458025.03,4670463.25,COTA,0.001,0.0,34,1,5.0,5,440.9,COT01,/POSE/X2.20/Y1.61/m,458025.03,4670463.25,440.87
349,0,2,46,0,0,440.97,0.0,0.0,0.0,457867.71,4670399.86,COTA,0.001,0.0,34,1,5.0,5,441.0,COT01,/POSE/X1.26/Y-7.50/m,457867.71,4670399.86,440.97
353,0,2,46,0,0,433.82,0.0,0.0,0.0,457800.45,4670174.31,COTA,0.001,0.0,34,1,5.0,5,433.8,COT01,/POSE/X-19.30/Y-1.03/m,457800.45,4670174.31,433.82
356,0,2,46,0,0,433.11,0.0,0.0,0.0,458024.4,4670221.5,COTA,0.001,0.0,34,1,5.0,5,433.1,COT01,/POSE/X-16.80/Y-8.03/m,458024.4,4670221.5,433.11
368,0,2,46,0,0,427.63,0.0,0.0,0.0,458080.21,4670065.35,COTA,0.001,0.0,34,1,5.0,5,427.6,COT01,/POSE/X-6.04/Y-7.77/m,458080.21,4670065.35,427.63
369,0,2,46,0,0,432.83,0.0,0.0,0.0,457866.18,4670101.7,COTA,0.001,0.0,34,1,5.0,5,432.8,COT01,/POSE/X1.00/Y-7.50/m,457866.18,4670101.7,432.83
375,0,2,46,0,0,430.69,0.0,0.0,0.0,457856.29,4669896.83,COTA,0.001,0.0,34,1,5.0,5,430.7,COT01,/POSE/X-13.40/Y4.13/m,457856.29,4669896.83,430.69
378,0,2,46,0,0,429.27,0.0,0.0,0.0,457906.18,4669943.29,COTA,0.001,0.0,34,1,5.0,5,429.3,COT01,/POSE/X-0.41/Y-12.12/m,457906.18,4669943.29,429.27
379,0,2,46,0,0,429.09,0.0,0.0,0.0,457953.89,4669946.66,COTA,0.001,0.0,34,1,5.0,5,429.1,COT01,/POSE/X-13.61/Y2.44/m,457953.89,4669946.66,429.09
384,0,2,46,0,0,434.85,0.0,0.0,0.0,457636.26,4670163.51,COTA,0.001,0.0,34,1,5.0,5,434.9,COT01,/POSE/X0.00/Y-7.50/m,457636.26,4670163.51,434.85
385,0,2,46,0,0,417.04,0.0,0.0,0.0,458571.52,4670649.25,COTA,0.001,0.0,34,1,5.0,5,417.0,COT01,/POSE/X-0.57/Y2.93/m,458571.52,4670649.25,417.04
387,0,2,46,0,0,423.1,0.0,0.0,0.0,458564.05,4670595.97,COTA,0.001,0.0,34,1,5.0,5,423.1,COT01,/POSE/X0.00/Y-7.50/m,458564.05,4670595.97,423.1
391,0,2,46,0,0,430.76,0.0,0.0,0.0,458679.49,4670565.71,COTA,0.001,0.0,34,1,5.0,5,430.8,COT01,/POSE/X-10.28/Y-8.84/m,458679.49,4670565.71,430.76
392,0,2,46,0,0,434.63,0.0,0.0,0.0,458708.47,4670537.09,COTA,0.001,0.0,34,1,5.0,5,434.6,COT01,/POSE/X-10.57/Y-7.23/m,458708.47,4670537.09,434.63
393,0,2,46,0,0,440.38,0.0,0.0,0.0,458702.81,4670416.38,COTA,0.001,0.0,34,1,5.0,5,440.4,COT01,/POSE/X-9.57/Y-12.19/m,458702.81,4670416.38,440.38
395,0,2,46,0,0,433.33,0.0,0.0,0.0,458627.46,4670439.01,COTA,0.001,0.0,34,1,5.0,5,433.3,COT01,/POSE/X-2.57/Y-9.10/m,458627.46,4670439.01,433.33
396,0,2,46,0,0,437.8,0.0,0.0,0.0,458704.93,4670473.97,COTA,0.001,0.0,34,1,5.0,5,437.8,COT01,/POSE/X-21.96/Y-2.02/m,458704.93,4670473.97,437.8
397,0,2,46,0,0,430.32,0.0,0.0,0.0,458590.81,4670478.47,COTA,0.001,0.0,34,1,5.0,5,430.3,COT01,/POSE/X-2.86/Y5.09/m,458590.81,4670478.47,430.32
399,0,2,46,0,0,433.3,0.0,0.0,0.0,458487.47,4670388.35,COTA,0.001,0.0,34,1,5.0,5,433.3,COT01,/POSE/X-19.97/Y-0.82/m,458487.47,4670388.35,433.3
400,0,2,46,0,0,431.05,0.0,0.0,0.0,458440.02,4670430.47,COTA,0.001,0.0,34,1,5.0,5,431.1,COT01,/POSE/X-16.61/Y-8.38/m,458440.02,4670430.47,431.05
401,0,2,46,0,0,427.21,0.0,0.0,0.0,458549.18,4670525.65,COTA,0.001,0.0,34,1,5.0,5,427.2,COT01,/POSE/X-22.10/Y-6.43/m,458549.18,4670525.65,427.21
402,0,2,46,0,0,427.86,0.0,0.0,0.0,458532.69,4670469.98,COTA,0.001,0.0,34,1,5.0,5,427.9,COT01,/POSE/X3.43/Y1.07/m,458532.69,4670469.98,427.86
403,0,2,46,0,0,432.38,0.0,0.0,0.0,458553.55,4670409.24,COTA,0.001,0.0,34,1,5.0,5,432.4,COT01,/POSE/X-9.77/Y3.17/m,458553.55,4670409.24,432.38
406,0,2,46,0,0,444.01,0.0,0.0,0.0,458589.04,4670271.19,COTA,0.001,0.0,34,1,5.0,5,444.0,COT01,/POSE/X-16.60/Y-9.29/m,458589.04,4670271.19,444.01
407,0,2,46,0,0,438.68,0.0,0.0,0.0,458672.07,4670384.92,COTA,0.001,0.0,34,1,5.0,5,438.7,COT01,/POSE/X3.76/Y-1.64/m,458672.07,4670384.92,438.68
412,0,2,46,0,0,455.11,0.0,0.0,0.0,458646.93,4670159.66,COTA,0.001,0.0,34,1,5.0,5,455.1,COT01,/POSE/X-17.31/Y1.32/m,458646.93,4670159.66,455.11
416,0,2,46,0,0,464.19,0.0,0.0,0.0,458799.11,4670185.44,COTA,0.001,0.0,34,1,5.0,5,464.2,COT01,/POSE/X0.84/Y-11.95/m,458799.11,4670185.44,464.19
417,0,2,46,0,0,457.84,0.0,0.0,0.0,458831.78,4670244.22,COTA,0.001,0.0,34,1,5.0,5,457.8,COT01,/POSE/X-14.87/Y-6.96/m,458831.78,4670244.22,457.84
418,0,2,46,0,0,458.79,0.0,0.0,0.0,458833.46,4670279.26,COTA,0.001,0.0,34,1,5.0,5,458.8,COT01,/POSE/X-9.73/Y-8.04/m,458833.46,4670279.26,458.79
419,0,2,46,0,0,459.21,0.0,0.0,0.0,458840.36,4670353.21,COTA,0.001,0.0,34,1,5.0,5,459.2,COT01,/POSE/X-6.01/Y-8.31/m,458840.36,4670353.21,459.21
426,0,2,46,0,0,444.56,0.0,0.0,0.0,458772.55,4670569.19,COTA,0.001,0.0,34,1,5.0,5,444.6,COT01,/POSE/X-9.25/Y-9.26/m,458772.55,4670569.19,444.56
431,0,2,46,0,0,470.82,0.0,0.0,0.0,458895.12,4670479.03,COTA,0.001,0.0,34,1,5.0,5,470.8,COT01,/POSE/X-19.33/Y-8.08/m,458895.12,4670479.03,470.82
434,0,2,46,0,0,454.08,0.0,0.0,0.0,458808.03,4670572.81,COTA,0.001,0.0,34,1,5.0,5,454.1,COT01,/POSE/X-17.31/Y-5.05/m,458808.03,4670572.81,454.08
437,0,2,46,0,0,464.02,0.0,0.0,0.0,458908.7,4670730.48,COTA,0.001,0.0,34,1,5.0,5,464.0,COT01,/POSE/X0.00/Y-7.50/m,458908.7,4670730.48,464.02
441,0,2,46,0,0,481.69,0.0,0.0,0.0,458965.03,4670655.96,COTA,0.001,0.0,34,1,5.0,5,481.7,COT01,/POSE/X-7.20/Y-9.95/m,458965.03,4670655.96,481.69
443,0,2,46,0,0,492.61,0.0,0.0,0.0,459051.03,4670555.94,COTA,0.001,0.0,34,1,5.0,5,492.6,COT01,/POSE/X0.00/Y-7.50/m,459051.03,4670555.94,492.61
444,0,2,46,0,0,479.27,0.0,0.0,0.0,458936.97,4670542.95,COTA,0.001,0.0,34,1,5.0,5,479.3,COT01,/POSE/X0.00/Y-7.50/m,458936.97,4670542.95,479.27
446,0,2,46,0,0,494.05,0.0,0.0,0.0,459087.67,4670529.71,COTA,0.001,0.0,34,1,5.0,5,494.1,COT01,/POSE/X2.77/Y-0.85/m,459087.67,4670529.71,494.05
452,0,2,46,0,0,546.37,0.0,0.0,0.0,459153.23,4670311.27,COTA,0.001,0.0,34,1,5.0,5,546.4,COT01,/POSE/X0.00/Y-7.50/m,459153.23,4670311.27,546.37
454,0,2,46,0,0,531.85,0.0,0.0,0.0,459217.61,4670280.82,COTA,0.001,0.0,34,1,5.0,5,531.9,COT01,/POSE/X0.00/Y-7.50/m,459217.61,4670280.82,531.85
455,0,2,46,0,0,518.01,0.0,0.0,0.0,459272.1,4670358.83,COTA,0.001,0.0,34,1,5.0,5,518.0,COT01,/POSE/X0.00/Y-7.50/m,459272.1,4670358.83,518.01
456,0,2,46,0,0,471.11,0.0,0.0,0.0,458892.94,4670325.93,COTA,0.001,0.0,34,1,5.0,5,471.1,COT01,/POSE/X0.00/Y-7.50/m,458892.94,4670325.93,471.11
459,0,2,46,0,0,474.78,0.0,0.0,0.0,458746.86,4670083.17,COTA,0.001,0.0,34,1,5.0,5,474.8,COT01,/POSE/X-11.67/Y-9.57/m,458746.86,4670083.17,474.78
463,0,2,46,0,0,494.07,0.0,0.0,0.0,458916.18,4670133.9,COTA,0.001,0.0,34,1,5.0,5,494.1,COT01,/POSE/X-9.14/Y-9.06/m,458916.18,4670133.9,494.07
466,0,2,46,0,0,515.49,0.0,0.0,0.0,458948.39,4669999.41,COTA,0.001,0.0,34,1,5.0,5,515.5,COT01,/POSE/X8.31/Y-2.83/m,458948.39,4669999.41,515.49
469,0,2,46,0,0,495.18,0.0,0.0,0.0,458831.19,4670049.33,COTA,0.001,0.0,34,1,5.0,5,495.2,COT01,/POSE/X4.35/Y-1.80/m,458831.19,4670049.33,495.18
470,0,2,46,0,0,483.5,0.0,0.0,0.0,458772.95,4670050.98,COTA,0.001,0.0,34,1,5.0,5,483.5,COT01,/POSE/X-1.07/Y-10.23/m,458772.95,4670050.98,483.5
472,0,2,46,0,0,486.14,0.0,0.0,0.0,458828.37,4670098.77,COTA,0.001,0.0,34,1,5.0,5,486.1,COT01,/POSE/X0.00/Y-7.50/m,458828.37,4670098.77,486.14
473,0,2,46,0,0,456.56,0.0,0.0,0.0,458599.75,4670080.56,COTA,0.001,0.0,34,1,5.0,5,456.6,COT01,/POSE/X7.18/Y0.57/m,458599.75,4670080.56,456.56
474,0,2,46,0,0,455.56,0.0,0.0,0.0,458577.69,4670088.62,COTA,0.001,0.0,34,1,5.0,5,455.6,COT01,/POSE/X-2.59/Y-7.50/m,458577.69,4670088.62,455.56
476,0,2,46,0,0,451.51,0.0,0.0,0.0,458536.97,4670104.35,COTA,0.001,0.0,34,1,5.0,5,451.5,COT01,/POSE/X-10.70/Y-9.42/m,458536.97,4670104.35,451.51
484,0,2,46,0,0,492.31,0.0,0.0,0.0,458974.0,4670206.45,COTA,0.001,0.0,34,1,5.0,5,492.3,COT01,/POSE/X4.35/Y-4.06/m,458974.0,4670206.45,492.31
487,0,2,46,0,0,518.43,0.0,0.0,0.0,459312.32,4670532.4,COTA,0.001,0.0,34,1,5.0,5,518.4,COT01,/POSE/X0.00/Y-7.50/m,459312.32,4670532.4,518.43
488,0,2,46,0,0,538.92,0.0,0.0,0.0,459413.7,4670532.31,COTA,0.001,0.0,34,1,5.0,5,538.9,COT01,/POSE/X-14.49/Y-8.95/m,459413.7,4670532.31,538.92
489,0,2,46,0,0,547.74,0.0,0.0,0.0,459498.13,4670539.53,COTA,0.001,0.0,34,1,5.0,5,547.7,COT01,/POSE/X4.01/Y1.17/m,459498.13,4670539.53,547.74
492,0,2,46,0,0,546.41,0.0,0.0,0.0,459517.5,4670386.95,COTA,0.001,0.0,34,1,5.0,5,546.4,COT01,/POSE/X-0.72/Y-9.51/m,459517.5,4670386.95,546.41
496,0,2,46,0,0,581.88,0.0,0.0,0.0,459494.76,4670097.78,COTA,0.001,0.0,34,1,5.0,5,581.9,COT01,/POSE/X-5.81/Y-8.54/m,459494.76,4670097.78,581.88
498,0,2,46,0,0,569.96,0.0,0.0,0.0,459367.19,4669971.44,COTA,0.001,0.0,34,1,5.0,5,570.0,COT01,/POSE/X-4.51/Y-10.46/m,459367.19,4669971.44,569.96
500,0,2,46,0,0,559.06,0.0,0.0,0.0,459225.33,4669882.84,COTA,0.001,0.0,34,1,5.0,5,559.1,COT01,/POSE/X4.94/Y-1.88/m,459225.33,4669882.84,559.06
502,0,2,46,0,0,566.76,0.0,0.0,0.0,459277.83,4669869.57,COTA,0.001,0.0,34,1,5.0,5,566.8,COT01,/POSE/X-8.84/Y-11.28/m,459277.83,4669869.57,566.76
508,0,2,46,0,0,577.11,0.0,0.0,0.0,459418.37,4669797.44,COTA,0.001,0.0,34,1,5.0,5,577.1,COT01,/POSE/X0.00/Y-7.50/m,459418.37,4669797.44,577.11
509,0,2,46,0,0,568.28,0.0,0.0,0.0,459338.65,4669805.75,COTA,0.001,0.0,34,1,5.0,5,568.3,COT01,/POSE/X0.00/Y-7.50/m,459338.65,4669805.75,568.28
510,0,2,46,0,0,568.29,0.0,0.0,0.0,459378.2,4669715.96,COTA,0.001,0.0,34,1,5.0,5,568.3,COT01,/POSE/X0.00/Y-7.50/m,459378.2,4669715.96,568.29
511,0,2,46,0,0,562.82,0.0,0.0,0.0,459322.47,4669709.65,COTA,0.001,0.0,34,1,5.0,5,562.8,COT01,/POSE/X0.00/Y-7.50/m,459322.47,4669709.65,562.82
512,0,2,46,0,0,577.03,0.0,0.0,0.0,459465.85,4669720.74,COTA,0.001,0.0,34,1,5.0,5,577.0,COT01,/POSE/X0.00/Y-7.50/m,459465.85,4669720.74,577.03
515,0,2,46,0,0,551.93,0.0,0.0,0.0,459218.12,4669940.95,COTA,0.001,0.0,34,1,5.0,5,551.9,COT01,/POSE/X-3.10/Y-8.31/m,459218.12,4669940.95,551.93
517,0,2,46,0,0,546.41,0.0,0.0,0.0,459260.25,4670013.64,COTA,0.001,0.0,34,1,5.0,5,546.4,COT01,/POSE/X-8.59/Y-8.28/m,459260.25,4670013.64,546.41
520,0,2,46,0,0,527.19,0.0,0.0,0.0,459097.04,4670055.05,COTA,0.001,0.0,34,1,5.0,5,527.2,COT01,/POSE/X-16.06/Y-8.54/m,459097.04,4670055.05,527.19
521,0,2,46,0,0,530.7,0.0,0.0,0.0,459040.6,4669954.92,COTA,0.001,0.0,34,1,5.0,5,530.7,COT01,/POSE/X-14.77/Y-8.93/m,459040.6,4669954.92,530.7
524,0,2,46,0,0,526.35,0.0,0.0,0.0,458997.39,4669934.37,COTA,0.001,0.0,34,1,5.0,5,526.4,COT01,/POSE/X-14.36/Y-9.31/m,458997.39,4669934.37,526.35
537,0,2,46,0,0,468.98,0.0,0.0,0.0,458600.22,4669944.36,COTA,0.001,0.0,34,1,5.0,5,469.0,COT01,/POSE/X0.00/Y-7.50/m,458600.22,4669944.36,468.98
540,0,2,46,0,0,483.2,0.0,0.0,0.0,458702.98,4669940.73,COTA,0.001,0.0,34,1,5.0,5,483.2,COT01,/POSE/X0.00/Y-7.50/m,458702.98,4669940.73,483.2
544,0,2,46,0,0,521.95,0.0,0.0,0.0,458959.23,4669669.27,COTA,0.001,0.0,34,1,5.0,5,522.0,COT01,/POSE/X0.00/Y-7.50/m,458959.23,4669669.27,521.95
546,0,2,46,0,0,502.47,0.0,0.0,0.0,458828.79,4669764.04,COTA,0.001,0.0,34,1,5.0,5,502.5,COT01,/POSE/X0.00/Y-7.50/m,458828.79,4669764.04,502.47
547,0,2,46,0,0,487.11,0.0,0.0,0.0,458680.39,4669737.57,COTA,0.001,0.0,34,1,5.0,5,487.1,COT01,/POSE/X-8.85/Y-8.54/m,458680.39,4669737.57,487.11
550,0,2,46,0,0,497.26,0.0,0.0,0.0,458802.87,4669607.37,COTA,0.001,0.0,34,1,5.0,5,497.3,COT01,/POSE/X0.00/Y-7.50/m,458802.87,4669607.37,497.26
555,0,2,46,0,0,531.85,0.0,0.0,0.0,459039.39,4669416.49,COTA,0.001,0.0,34,1,5.0,5,531.9,COT01,/POSE/X-21.61/Y-0.18/m,459039.39,4669416.49,531.85
556,0,2,46,0,0,525.51,0.0,0.0,0.0,459004.51,4669380.01,COTA,0.001,0.0,34,1,5.0,5,525.5,COT01,/POSE/X-20.17/Y-6.27/m,459004.51,4669380.01,525.51
559,0,2,46,0,0,500.51,0.0,0.0,0.0,458822.96,4669431.99,COTA,0.001,0.0,34,1,5.0,5,500.5,COT01,/POSE/X0.00/Y-7.50/m,458822.96,4669431.99,500.51
562,0,2,46,0,0,500.8,0.0,0.0,0.0,458831.19,4669298.26,COTA,0.001,0.0,34,1,5.0,5,500.8,COT01,/POSE/X3.56/Y-7.84/m,458831.19,4669298.26,500.8
563,0,2,46,0,0,513.33,0.0,0.0,0.0,458930.97,4669315.18,COTA,0.001,0.0,34,1,5.0,5,513.3,COT01,/POSE/X0.00/Y-7.50/m,458930.97,4669315.18,513.33
564,0,2,46,0,0,526.8,0.0,0.0,0.0,459085.64,4669301.75,COTA,0.001,0.0,34,1,5.0,5,526.8,COT01,/POSE/X0.00/Y-7.50/m,459085.64,4669301.75,526.8
565,0,2,46,0,0,542.91,0.0,0.0,0.0,459103.06,4669528.8,COTA,0.001,0.0,34,1,5.0,5,542.9,COT01,/POSE/X4.29/Y0.29/m,459103.06,4669528.8,542.91
569,0,2,46,0,0,546.34,0.0,0.0,0.0,459120.92,4669575.43,COTA,0.001,0.0,34,1,5.0,5,546.3,COT01,/POSE/X0.00/Y-7.50/m,459120.92,4669575.43,546.34
571,0,2,46,0,0,531.33,0.0,0.0,0.0,459023.43,4669460.34,COTA,0.001,0.0,34,1,5.0,5,531.3,COT01,/POSE/X-16.90/Y-9.44/m,459023.43,4669460.34,531.33
574,0,2,46,0,0,537.13,0.0,0.0,0.0,459061.76,4669584.97,COTA,0.001,0.0,34,1,5.0,5,537.1,COT01,/POSE/X-12.04/Y-8.84/m,459061.76,4669584.97,537.13
576,0,2,46,0,0,551.87,0.0,0.0,0.0,459265.56,4669383.8,COTA,0.001,0.0,34,1,5.0,5,551.9,COT01,/POSE/X0.00/Y-7.50/m,459265.56,4669383.8,551.87
577,0,2,46,0,0,561.5,0.0,0.0,0.0,459338.49,4669465.99,COTA,0.001,0.0,34,1,5.0,5,561.5,COT01,/POSE/X0.00/Y-7.50/m,459338.49,4669465.99,561.5
580,0,2,46,0,0,551.01,0.0,0.0,0.0,459277.12,4669246.99,COTA,0.001,0.0,34,1,5.0,5,551.0,COT01,/POSE/X0.00/Y-7.50/m,459277.12,4669246.99,551.01
586,0,2,46,0,0,544.38,0.0,0.0,0.0,459223.42,4669236.95,COTA,0.001,0.0,34,1,5.0,5,544.4,COT01,/POSE/X-22.53/Y-7.50/m,459223.42,4669236.95,544.38
592,0,2,46,0,0,431.97,0.0,0.0,0.0,458361.4,4670357.28,COTA,0.001,0.0,34,1,5.0,5,432.0,COT01,/POSE/X-9.80/Y-9.54/m,458361.4,4670357.28,431.97
595,0,2,46,0,0,440.52,0.0,0.0,0.0,458600.91,4670320.28,COTA,0.001,0.0,34,1,5.0,5,440.5,COT01,/POSE/X-12.52/Y-10.56/m,458600.91,4670320.28,440.52
600,0,2,46,0,0,446.96,0.0,0.0,0.0,458429.3,4670068.66,COTA,0.001,0.0,34,1,5.0,5,447.0,COT01,/POSE/X-5.02/Y-7.77/m,458429.3,4670068.66,446.96
601,0,2,46,0,0,451.2,0.0,0.0,0.0,458487.45,4670029.97,COTA,0.001,0.0,34,1,5.0,5,451.2,COT01,/POSE/X-1.96/Y-10.40/m,458487.45,4670029.97,451.2
603,0,2,46,0,0,459.88,0.0,0.0,0.0,458482.78,4669900.82,COTA,0.001,0.0,34,1,5.0,5,459.9,COT01,/POSE/X-12.36/Y-12.25/m,458482.78,4669900.82,459.88
604,0,2,46,0,0,460.52,0.0,0.0,0.0,458522.46,4669947.47,COTA,0.001,0.0,34,1,5.0,5,460.5,COT01,/POSE/X-13.17/Y-8.57/m,458522.46,4669947.47,460.52
606,0,2,46,0,0,465.21,0.0,0.0,0.0,458587.0,4670001.77,COTA,0.001,0.0,34,1,5.0,5,465.2,COT01,/POSE/X0.01/Y3.74/m,458587.0,4670001.77,465.21
607,0,2,46,0,0,469.4,0.0,0.0,0.0,458618.37,4669979.91,COTA,0.001,0.0,34,1,5.0,5,469.4,COT01,/POSE/X4.87/Y-3.47/m,458618.37,4669979.91,469.4
608,0,2,46,0,0,466.46,0.0,0.0,0.0,458566.08,4669930.18,COTA,0.001,0.0,34,1,5.0,5,466.5,COT01,/POSE/X-6.01/Y-8.84/m,458566.08,4669930.18,466.46
611,0,2,46,0,0,453.35,0.0,0.0,0.0,458396.72,4669957.91,COTA,0.001,0.0,34,1,5.0,5,453.4,COT01,/POSE/X-9.92/Y-10.82/m,458396.72,4669957.91,453.35
612,0,2,46,0,0,447.81,0.0,0.0,0.0,458313.39,4669836.19,COTA,0.001,0.0,34,1,5.0,5,447.8,COT01,/POSE/X0.00/Y-7.50/m,458313.39,4669836.19,447.81
616,0,2,46,0,0,453.95,0.0,0.0,0.0,458366.01,4669827.9,COTA,0.001,0.0,34,1,5.0,5,454.0,COT01,/POSE/X1.57/Y-8.29/m,458366.01,4669827.9,453.95
619,0,2,46,0,0,459.32,0.0,0.0,0.0,458440.32,4669737.46,COTA,0.001,0.0,34,1,5.0,5,459.3,COT01,/POSE/X0.20/Y3.58/m,458440.32,4669737.46,459.32
623,0,2,46,0,0,452.05,0.0,0.0,0.0,458275.3,4669644.59,COTA,0.001,0.0,34,1,5.0,5,452.1,COT01,/POSE/X-20.76/Y-5.04/m,458275.3,4669644.59,452.05
625,0,2,46,0,0,448.62,0.0,0.0,0.0,458262.03,4669768.03,COTA,0.001,0.0,34,1,5.0,5,448.6,COT01,/POSE/X-3.31/Y-9.47/m,458262.03,4669768.03,448.62
627,0,2,46,0,0,444.4,0.0,0.0,0.0,458205.02,4669810.83,COTA,0.001,0.0,34,1,5.0,5,444.4,COT01,/POSE/X0.00/Y-7.50/m,458205.02,4669810.83,444.4
632,0,2,46,0,0,440.96,0.0,0.0,0.0,458261.19,4669929.81,COTA,0.001,0.0,34,1,5.0,5,441.0,COT01,/POSE/X1.65/Y4.38/m,458261.19,4669929.81,440.96
633,0,2,46,0,0,442.65,0.0,0.0,0.0,458222.7,4669845.03,COTA,0.001,0.0,34,1,5.0,5,442.7,COT01,/POSE/X-3.70/Y-8.99/m,458222.7,4669845.03,442.65
635,0,2,46,0,0,444.69,0.0,0.0,0.0,458271.06,4669836.61,COTA,0.001,0.0,34,1,5.0,5,444.7,COT01,/POSE/X-16.04/Y-8.35/m,458271.06,4669836.61,444.69
637,0,2,46,0,0,456.17,0.0,0.0,0.0,458313.37,4669605.32,COTA,0.001,0.0,34,1,5.0,5,456.2,COT01,/POSE/X-5.12/Y4.90/m,458313.37,4669605.32,456.17
639,0,2,46,0,0,460.21,0.0,0.0,0.0,458347.41,4669605.98,COTA,0.001,0.0,34,1,5.0,5,460.2,COT01,/POSE/X4.20/Y-5.25/m,458347.41,4669605.98,460.21
640,0,2,46,0,0,457.44,0.0,0.0,0.0,458309.01,4669556.32,COTA,0.001,0.0,34,1,5.0,5,457.4,COT01,/POSE/X-1.38/Y4.92/m,458309.01,4669556.32,457.44
641,0,2,46,0,0,457.37,0.0,0.0,0.0,458290.41,4669515.82,COTA,0.001,0.0,34,1,5.0,5,457.4,COT01,/POSE/X4.28/Y-3.10/m,458290.41,4669515.82,457.37
642,0,2,46,0,0,452.9,0.0,0.0,0.0,458287.64,4669598.57,COTA,0.001,0.0,34,1,5.0,5,452.9,COT01,/POSE/X-7.82/Y-10.60/m,458287.64,4669598.57,452.9
645,0,2,46,0,0,446.6,0.0,0.0,0.0,458178.85,4669649.3,COTA,0.001,0.0,34,1,5.0,5,446.6,COT01,/POSE/X-17.10/Y-8.10/m,458178.85,4669649.3,446.6
646,0,2,46,0,0,443.19,0.0,0.0,0.0,458131.47,4669695.66,COTA,0.001,0.0,34,1,5.0,5,443.2,COT01,/POSE/X-2.79/Y-8.98/m,458131.47,4669695.66,443.19
647,0,2,46,0,0,445.35,0.0,0.0,0.0,458182.94,4669733.29,COTA,0.001,0.0,34,1,5.0,5,445.4,COT01,/POSE/X-8.35/Y-7.50/m,458182.94,4669733.29,445.35
648,0,2,46,0,0,448.64,0.0,0.0,0.0,458216.49,4669700.22,COTA,0.001,0.0,34,1,5.0,5,448.6,COT01,/POSE/X-21.40/Y-7.93/m,458216.49,4669700.22,448.64
653,0,2,46,0,0,450.1,0.0,0.0,0.0,458209.25,4669542.64,COTA,0.001,0.0,34,1,5.0,5,450.1,COT01,/POSE/X0.00/Y-7.50/m,458209.25,4669542.64,450.1
655,0,2,46,0,0,464.34,0.0,0.0,0.0,458372.8,4669482.43,COTA,0.001,0.0,34,1,5.0,5,464.3,COT01,/POSE/X1.58/Y2.23/m,458372.8,4669482.43,464.34
656,0,2,46,0,0,468.32,0.0,0.0,0.0,458476.39,4669390.98,COTA,0.001,0.0,34,1,5.0,5,468.3,COT01,/POSE/X1.50/Y2.84/m,458476.39,4669390.98,468.32
658,0,2,46,0,0,472.28,0.0,0.0,0.0,458535.25,4669419.71,COTA,0.001,0.0,34,1,5.0,5,472.3,COT01,/POSE/X-20.52/Y-3.79/m,458535.25,4669419.71,472.28
659,0,2,46,0,0,475.32,0.0,0.0,0.0,458565.4,4669441.61,COTA,0.001,0.0,34,1,5.0,5,475.3,COT01,/POSE/X-20.59/Y2.65/m,458565.4,4669441.61,475.32
662,0,2,46,0,0,484.17,0.0,0.0,0.0,458674.11,4669497.32,COTA,0.001,0.0,34,1,5.0,5,484.2,COT01,/POSE/X-0.11/Y8.42/m,458674.11,4669497.32,484.17
663,0,2,46,0,0,482.57,0.0,0.0,0.0,458645.4,4669550.44,COTA,0.001,0.0,34,1,5.0,5,482.6,COT01,/POSE/X1.83/Y0.15/m,458645.4,4669550.44,482.57
664,0,2,46,0,0,479.8,0.0,0.0,0.0,458598.75,4669541.64,COTA,0.001,0.0,34,1,5.0,5,479.8,COT01,/POSE/X-5.27/Y-8.60/m,458598.75,4669541.64,479.8
669,0,2,46,0,0,481.44,0.0,0.0,0.0,458635.86,4669511.74,COTA,0.001,0.0,34,1,5.0,5,481.4,COT01,/POSE/X2.63/Y1.97/m,458635.86,4669511.74,481.44
674,0,2,46,0,0,470.87,0.0,0.0,0.0,458555.12,4669809.23,COTA,0.001,0.0,34,1,5.0,5,470.9,COT01,/POSE/X-8.59/Y-8.84/m,458555.12,4669809.23,470.87
675,0,2,46,0,0,473.19,0.0,0.0,0.0,458558.87,4669850.66,COTA,0.001,0.0,34,1,5.0,5,473.2,COT01,/POSE/X-4.83/Y3.26/m,458558.87,4669850.66,473.19
681,0,2,46,0,0,469.41,0.0,0.0,0.0,458471.59,4669414.66,COTA,0.001,0.0,34,1,5.0,5,469.4,COT01,/POSE/X0.00/Y-7.50/m,458471.59,4669414.66,469.41
683,0,2,46,0,0,454.08,0.0,0.0,0.0,458266.76,4669537.95,COTA,0.001,0.0,34,1,5.0,5,454.1,COT01,/POSE/X1.24/Y-6.85/m,458266.76,4669537.95,454.08
684,0,2,46,0,0,439.06,0.0,0.0,0.0,458069.5,4669681.3,COTA,0.001,0.0,34,1,5.0,5,439.1,COT01,/POSE/X-8.06/Y2.92/m,458069.5,4669681.3,439.06
685,0,2,46,0,0,440.97,0.0,0.0,0.0,458129.94,4669764.06,COTA,0.001,0.0,34,1,5.0,5,441.0,COT01,/POSE/X3.58/Y-6.83/m,458129.94,4669764.06,440.97
686,0,2,46,0,0,437.12,0.0,0.0,0.0,458041.59,4669714.63,COTA,0.001,0.0,34,1,5.0,5,437.1,COT01,/POSE/X-4.32/Y-8.74/m,458041.59,4669714.63,437.12
687,0,2,46,0,0,431.9,0.0,0.0,0.0,457942.27,4669688.22,COTA,0.001,0.0,34,1,5.0,5,431.9,COT01,/POSE/X-21.38/Y-2.03/m,457942.27,4669688.22,431.9
688,0,2,46,0,0,433.71,0.0,0.0,0.0,457917.78,4669764.54,COTA,0.001,0.0,34,1,5.0,5,433.7,COT01,/POSE/X1.00/Y2.53/m,457917.78,4669764.54,433.71
689,0,2,46,0,0,434.01,0.0,0.0,0.0,457913.77,4669867.05,COTA,0.001,0.0,34,1,5.0,5,434.0,COT01,/POSE/X-12.41/Y3.96/m,457913.77,4669867.05,434.01
690,0,2,46,0,0,434.13,0.0,0.0,0.0,457886.31,4669832.73,COTA,0.001,0.0,34,1,5.0,5,434.1,COT01,/POSE/X-0.54/Y-9.01/m,457886.31,4669832.73,434.13
691,0,2,46,0,0,433.66,0.0,0.0,0.0,458013.56,4669793.17,COTA,0.001,0.0,34,1,5.0,5,433.7,COT01,/POSE/X-20.10/Y-6.49/m,458013.56,4669793.17,433.66
694,0,2,46,0,0,432.28,0.0,0.0,0.0,457967.06,4669828.78,COTA,0.001,0.0,34,1,5.0,5,432.3,COT01,/POSE/X-9.65/Y5.82/m,457967.06,4669828.78,432.28
696,0,2,46,0,0,436.72,0.0,0.0,0.0,458194.71,4669898.85,COTA,0.001,0.0,34,1,5.0,5,436.7,COT01,/POSE/X-2.24/Y4.57/m,458194.71,4669898.85,436.72
697,0,2,46,0,0,444.59,0.0,0.0,0.0,458130.94,4669605.88,COTA,0.001,0.0,34,1,5.0,5,444.6,COT01,/POSE/X-3.70/Y3.40/m,458130.94,4669605.88,444.59
698,0,2,46,0,0,445.78,0.0,0.0,0.0,458142.78,4669576.2,COTA,0.001,0.0,34,1,5.0,5,445.8,COT01,/POSE/X0.00/Y-7.50/m,458142.78,4669576.2,445.78
699,0,2,46,0,0,449.9,0.0,0.0,0.0,458176.51,4669491.66,COTA,0.001,0.0,34,1,5.0,5,449.9,COT01,/POSE/X0.00/Y-7.50/m,458176.51,4669491.66,449.9
702,0,2,46,0,0,436.19,0.0,0.0,0.0,458150.4,4669391.97,COTA,0.001,0.0,34,1,5.0,5,436.2,COT01,/POSE/X0.00/Y-7.50/m,458150.4,4669391.97,436.19
703,0,2,46,0,0,442.71,0.0,0.0,0.0,458136.85,4669444.29,COTA,0.001,0.0,34,1,5.0,5,442.7,COT01,/POSE/X0.00/Y-7.50/m,458136.85,4669444.29,442.71
709,0,2,46,0,0,460.2,0.0,0.0,0.0,458346.56,4669420.41,COTA,0.001,0.0,34,1,5.0,5,460.2,COT01,/POSE/X4.79/Y-8.91/m,458346.56,4669420.41,460.2
717,0,2,46,0,0,441.8,0.0,0.0,0.0,458339.13,4669218.56,COTA,0.001,0.0,34,1,5.0,5,441.8,COT01,/POSE/X0.00/Y-7.50/m,458339.13,4669218.56,441.8
719,0,2,46,0,0,438.69,0.0,0.0,0.0,458362.25,4669093.02,COTA,0.001,0.0,34,1,5.0,5,438.7,COT01,/POSE/X0.00/Y-7.50/m,458362.25,4669093.02,438.69
725,0,2,46,0,0,438.65,0.0,0.0,0.0,458314.94,4669029.06,COTA,0.001,0.0,34,1,5.0,5,438.7,COT01,/POSE/X0.00/Y-7.50/m,458314.94,4669029.06,438.65
726,0,2,46,0,0,445.29,0.0,0.0,0.0,458267.52,4668919.64,COTA,0.001,0.0,34,1,5.0,5,445.3,COT01,/POSE/X4.72/Y3.28/m,458267.52,4668919.64,445.29
728,0,2,46,0,0,447.16,0.0,0.0,0.0,458353.83,4668914.94,COTA,0.001,0.0,34,1,5.0,5,447.2,COT01,/POSE/X-22.11/Y-0.03/m,458353.83,4668914.94,447.16
729,0,2,46,0,0,448.24,0.0,0.0,0.0,458375.31,4668955.0,COTA,0.001,0.0,34,1,5.0,5,448.2,COT01,/POSE/X3.28/Y0.79/m,458375.31,4668955.0,448.24
733,0,2,46,0,0,462.79,0.0,0.0,0.0,458569.7,4668829.81,COTA,0.001,0.0,34,1,5.0,5,462.8,COT01,/POSE/X0.00/Y-7.50/m,458569.7,4668829.81,462.79
734,0,2,46,0,0,455.38,0.0,0.0,0.0,458585.38,4668921.81,COTA,0.001,0.0,34,1,5.0,5,455.4,COT01,/POSE/X-14.05/Y-8.79/m,458585.38,4668921.81,455.38
735,0,2,46,0,0,456.02,0.0,0.0,0.0,458574.68,4668954.13,COTA,0.001,0.0,34,1,5.0,5,456.0,COT01,/POSE/X-17.09/Y-7.50/m,458574.68,4668954.13,456.02
738,0,2,46,0,0,451.14,0.0,0.0,0.0,458521.01,4669085.76,COTA,0.001,0.0,34,1,5.0,5,451.1,COT01,/POSE/X-2.19/Y-11.32/m,458521.01,4669085.76,451.14
740,0,2,46,0,0,461.43,0.0,0.0,0.0,458498.6,4669252.17,COTA,0.001,0.0,34,1,5.0,5,461.4,COT01,/POSE/X0.00/Y-7.50/m,458498.6,4669252.17,461.43
742,0,2,46,0,0,462.09,0.0,0.0,0.0,458645.82,4668987.05,COTA,0.001,0.0,34,1,5.0,5,462.1,COT01,/POSE/X-5.63/Y-8.39/m,458645.82,4668987.05,462.09
747,0,2,46,0,0,488.17,0.0,0.0,0.0,458932.77,4668904.13,COTA,0.001,0.0,34,1,5.0,5,488.2,COT01,/POSE/X-19.97/Y-8.07/m,458932.77,4668904.13,488.17
748,0,2,46,0,0,499.36,0.0,0.0,0.0,459133.15,4668727.47,COTA,0.001,0.0,34,1,5.0,5,499.4,COT01,/POSE/X-13.92/Y-9.03/m,459133.15,4668727.47,499.36
749,0,2,46,0,0,507.25,0.0,0.0,0.0,459074.59,4668948.81,COTA,0.001,0.0,34,1,5.0,5,507.3,COT01,/POSE/X4.49/Y-7.44/m,459074.59,4668948.81,507.25
750,0,2,46,0,0,510.94,0.0,0.0,0.0,459059.23,4669039.02,COTA,0.001,0.0,34,1,5.0,5,510.9,COT01,/POSE/X7.21/Y-2.10/m,459059.23,4669039.02,510.94
751,0,2,46,0,0,506.14,0.0,0.0,0.0,458983.47,4669073.97,COTA,0.001,0.0,34,1,5.0,5,506.1,COT01,/POSE/X-16.73/Y-9.39/m,458983.47,4669073.97,506.14
753,0,2,46,0,0,530.2,0.0,0.0,0.0,459097.77,4669368.51,COTA,0.001,0.0,34,1,5.0,5,530.2,COT01,/POSE/X0.00/Y-7.50/m,459097.77,4669368.51,530.2
757,0,2,46,0,0,499.73,0.0,0.0,0.0,458897.96,4669169.37,COTA,0.001,0.0,34,1,5.0,5,499.7,COT01,/POSE/X0.28/Y4.53/m,458897.96,4669169.37,499.73
758,0,2,46,0,0,494.53,0.0,0.0,0.0,458825.61,4669203.73,COTA,0.001,0.0,34,1,5.0,5,494.5,COT01,/POSE/X0.00/Y-7.50/m,458825.61,4669203.73,494.53
760,0,2,46,0,0,489.75,0.0,0.0,0.0,458746.94,4669253.39,COTA,0.001,0.0,34,1,5.0,5,489.8,COT01,/POSE/X3.74/Y-7.42/m,458746.94,4669253.39,489.75
761,0,2,46,0,0,479.49,0.0,0.0,0.0,458696.06,4669211.68,COTA,0.001,0.0,34,1,5.0,5,479.5,COT01,/POSE/X-1.42/Y-9.50/m,458696.06,4669211.68,479.49
763,0,2,46,0,0,484.16,0.0,0.0,0.0,458682.3,4669397.85,COTA,0.001,0.0,34,1,5.0,5,484.2,COT01,/POSE/X0.87/Y2.90/m,458682.3,4669397.85,484.16
766,0,2,46,0,0,490.1,0.0,0.0,0.0,458734.61,4669410.93,COTA,0.001,0.0,34,1,5.0,5,490.1,COT01,/POSE/X-13.87/Y4.51/m,458734.61,4669410.93,490.1
768,0,2,46,0,0,498.15,0.0,0.0,0.0,458780.56,4669460.83,COTA,0.001,0.0,34,1,5.0,5,498.2,COT01,/POSE/X4.17/Y-6.98/m,458780.56,4669460.83,498.15
769,0,2,46,0,0,473.34,0.0,0.0,0.0,458694.57,4669149.95,COTA,0.001,0.0,34,1,5.0,5,473.3,COT01,/POSE/X0.00/Y-7.50/m,458694.57,4669149.95,473.34
773,0,2,46,0,0,457.6,0.0,0.0,0.0,458596.42,4669005.68,COTA,0.001,0.0,34,1,5.0,5,457.6,COT01,/POSE/X-1.38/Y-7.68/m,458596.42,4669005.68,457.6
775,0,2,46,0,0,441.24,0.0,0.0,0.0,458258.59,4669315.19,COTA,0.001,0.0,34,1,5.0,5,441.2,COT01,/POSE/X-6.49/Y-8.56/m,458258.59,4669315.19,441.24
776,0,2,46,0,0,429.87,0.0,0.0,0.0,457945.9,4669168.19,COTA,0.001,0.0,34,1,5.0,5,429.9,COT01,/POSE/X-20.45/Y2.99/m,457945.9,4669168.19,429.87
779,0,2,46,0,0,429.45,0.0,0.0,0.0,457974.89,4669523.82,COTA,0.001,0.0,34,1,5.0,5,429.5,COT01,/POSE/X0.00/Y-7.50/m,457974.89,4669523.82,429.45
782,0,2,46,0,0,440.78,0.0,0.0,0.0,458038.29,4669593.32,COTA,0.001,0.0,34,1,5.0,5,440.8,COT01,/POSE/X-10.01/Y-9.43/m,458038.29,4669593.32,440.78
784,0,2,46,0,0,433.26,0.0,0.0,0.0,458051.3,4669424.35,COTA,0.001,0.0,34,1,5.0,5,433.3,COT01,/POSE/X1.67/Y-6.97/m,458051.3,4669424.35,433.26
786,0,2,46,0,0,429.23,0.0,0.0,0.0,457998.52,4669298.96,COTA,0.001,0.0,34,1,5.0,5,429.2,COT01,/POSE/X0.00/Y-7.50/m,457998.52,4669298.96,429.23
789,0,2,46,0,0,430.39,0.0,0.0,0.0,458038.99,4669031.9,COTA,0.001,0.0,34,1,5.0,5,430.4,COT01,/POSE/X0.00/Y-7.50/m,458038.99,4669031.9,430.39
790,0,2,46,0,0,430.61,0.0,0.0,0.0,457991.93,4669132.09,COTA,0.001,0.0,34,1,5.0,5,430.6,COT01,/POSE/X0.00/Y-7.50/m,457991.93,4669132.09,430.61
791,0,2,46,0,0,430.39,0.0,0.0,0.0,457922.99,4668940.88,COTA,0.001,0.0,34,1,5.0,5,430.4,COT01,/POSE/X0.00/Y-7.50/m,457922.99,4668940.88,430.39
794,0,2,46,0,0,438.5,0.0,0.0,0.0,457972.14,4668780.85,COTA,0.001,0.0,34,1,5.0,5,438.5,COT01,/POSE/X0.00/Y-7.50/m,457972.14,4668780.85,438.5
795,0,2,46,0,0,435.3,0.0,0.0,0.0,457922.41,4668627.84,COTA,0.001,0.0,34,1,5.0,5,435.3,COT01,/POSE/X0.00/Y-7.50/m,457922.41,4668627.84,435.3
797,0,2,46,0,0,444.45,0.0,0.0,0.0,458148.43,4668716.0,COTA,0.001,0.0,34,1,5.0,5,444.5,COT01,/POSE/X-9.36/Y-11.57/m,458148.43,4668716.0,444.45
799,0,2,46,0,0,443.43,0.0,0.0,0.0,458136.22,4668775.87,COTA,0.001,0.0,34,1,5.0,5,443.4,COT01,/POSE/X-15.75/Y4.10/m,458136.22,4668775.87,443.43
800,0,2,46,0,0,443.17,0.0,0.0,0.0,458162.9,4668796.82,COTA,0.001,0.0,34,1,5.0,5,443.2,COT01,/POSE/X-19.16/Y0.24/m,458162.9,4668796.82,443.17
801,0,2,46,0,0,445.13,0.0,0.0,0.0,458208.32,4668760.12,COTA,0.001,0.0,34,1,5.0,5,445.1,COT01,/POSE/X0.00/Y-7.50/m,458208.32,4668760.12,445.13
804,0,2,46,0,0,443.72,0.0,0.0,0.0,458193.3,4668803.62,COTA,0.001,0.0,34,1,5.0,5,443.7,COT01,/POSE/X-3.83/Y-8.89/m,458193.3,4668803.62,443.72
805,0,2,46,0,0,441.06,0.0,0.0,0.0,458066.95,4668814.58,COTA,0.001,0.0,34,1,5.0,5,441.1,COT01,/POSE/X0.00/Y-7.50/m,458066.95,4668814.58,441.06
815,0,2,46,0,0,474.88,0.0,0.0,0.0,458791.61,4668993.75,COTA,0.001,0.0,34,1,5.0,5,474.9,COT01,/POSE/X-3.38/Y-8.55/m,458791.61,4668993.75,474.88
819,0,2,46,0,0,495.17,0.0,0.0,0.0,459055.18,4668770.68,COTA,0.001,0.0,34,1,5.0,5,495.2,COT01,/POSE/X0.00/Y-7.50/m,459055.18,4668770.68,495.17
821,0,2,46,0,0,480.18,0.0,0.0,0.0,458752.1,4668786.62,COTA,0.001,0.0,34,1,5.0,5,480.2,COT01,/POSE/X0.21/Y-9.58/m,458752.1,4668786.62,480.18
822,0,2,46,0,0,476.58,0.0,0.0,0.0,458714.48,4668750.46,COTA,0.001,0.0,34,1,5.0,5,476.6,COT01,/POSE/X0.97/Y-5.98/m,458714.48,4668750.46,476.58
825,0,2,46,0,0,476.08,0.0,0.0,0.0,458689.73,4668683.85,COTA,0.001,0.0,34,1,5.0,5,476.1,COT01,/POSE/X-19.79/Y-6.26/m,458689.73,4668683.85,476.08
827,0,2,46,0,0,482.29,0.0,0.0,0.0,458776.9,4668729.14,COTA,0.001,0.0,34,1,5.0,5,482.3,COT01,/POSE/X4.15/Y-5.19/m,458776.9,4668729.14,482.29
829,0,2,46,0,0,488.75,0.0,0.0,0.0,458789.01,4668631.23,COTA,0.001,0.0,34,1,5.0,5,488.8,COT01,/POSE/X0.00/Y-7.50/m,458789.01,4668631.23,488.75
830,0,2,46,0,0,473.18,0.0,0.0,0.0,458664.52,4668668.41,COTA,0.001,0.0,34,1,5.0,5,473.2,COT01,/POSE/X0.00/Y-7.50/m,458664.52,4668668.41,473.18
831,0,2,46,0,0,467.36,0.0,0.0,0.0,458584.68,4668753.38,COTA,0.001,0.0,34,1,5.0,5,467.4,COT01,/POSE/X-5.28/Y-7.75/m,458584.68,4668753.38,467.36
833,0,2,46,0,0,487.19,0.0,0.0,0.0,458919.49,4668960.79,COTA,0.001,0.0,34,1,5.0,5,487.2,COT01,/POSE/X0.00/Y-7.50/m,458919.49,4668960.79,487.19
834,0,2,46,0,0,486.05,0.0,0.0,0.0,458789.9,4669101.14,COTA,0.001,0.0,34,1,5.0,5,486.1,COT01,/POSE/X6.94/Y-5.68/m,458789.9,4669101.14,486.05
835,0,2,46,0,0,494.56,0.0,0.0,0.0,458989.02,4668915.93,COTA,0.001,0.0,34,1,5.0,5,494.6,COT01,/POSE/X-15.77/Y-8.42/m,458989.02,4668915.93,494.56
836,0,2,46,0,0,500.36,0.0,0.0,0.0,459027.98,4668957.13,COTA,0.001,0.0,34,1,5.0,5,500.4,COT01,/POSE/X0.00/Y-7.50/m,459027.98,4668957.13,500.36
837,0,2,46,0,0,507.56,0.0,0.0,0.0,459090.56,4668911.67,COTA,0.001,0.0,34,1,5.0,5,507.6,COT01,/POSE/X5.13/Y-0.95/m,459090.56,4668911.67,507.56
839,0,2,46,0,0,508.81,0.0,0.0,0.0,459243.62,4668831.77,COTA,0.001,0.0,34,1,5.0,5,508.8,COT01,/POSE/X-10.37/Y-8.65/m,459243.62,4668831.77,508.81
840,0,2,46,0,0,503.89,0.0,0.0,0.0,459189.91,4668759.0,COTA,0.001,0.0,34,1,5.0,5,503.9,COT01,/POSE/X0.00/Y-7.50/m,459189.91,4668759.0,503.89
841,0,2,46,0,0,512.87,0.0,0.0,0.0,459308.08,4668683.38,COTA,0.001,0.0,34,1,5.0,5,512.9,COT01,/POSE/X-10.13/Y-8.78/m,459308.08,4668683.38,512.87
848,0,2,46,0,0,498.0,0.0,0.0,0.0,459075.57,4668828.51,COTA,0.001,0.0,34,1,5.0,5,498.0,COT01,/POSE/X0.00/Y-7.50/m,459075.57,4668828.51,498.0
851,0,2,46,0,0,468.09,0.0,0.0,0.0,458591.37,4668657.32,COTA,0.001,0.0,34,1,5.0,5,468.1,COT01,/POSE/X-0.26/Y-9.73/m,458591.37,4668657.32,468.09
853,0,2,46,0,0,469.87,0.0,0.0,0.0,458632.22,4668669.15,COTA,0.001,0.0,34,1,5.0,5,469.9,COT01,/POSE/X-18.21/Y-7.25/m,458632.22,4668669.15,469.87
854,0,2,46,0,0,458.75,0.0,0.0,0.0,458498.98,4668751.56,COTA,0.001,0.0,34,1,5.0,5,458.8,COT01,/POSE/X-15.83/Y-9.28/m,458498.98,4668751.56,458.75
856,0,2,46,0,0,453.11,0.0,0.0,0.0,458391.31,4668739.15,COTA,0.001,0.0,34,1,5.0,5,453.1,COT01,/POSE/X0.00/Y-7.50/m,458391.31,4668739.15,453.11
860,0,2,46,0,0,450.39,0.0,0.0,0.0,458308.79,4668709.65,COTA,0.001,0.0,34,1,5.0,5,450.4,COT01,/POSE/X0.00/Y-7.50/m,458308.79,4668709.65,450.39
863,0,2,46,0,0,449.89,0.0,0.0,0.0,458131.91,4668623.87,COTA,0.001,0.0,34,1,5.0,5,449.9,COT01,/POSE/X-18.88/Y2.03/m,458131.91,4668623.87,449.89
865,0,2,46,0,0,434.46,0.0,0.0,0.0,457764.21,4668678.3,COTA,0.001,0.0,34,1,5.0,5,434.5,COT01,/POSE/X-11.57/Y-8.65/m,457764.21,4668678.3,434.46
866,0,2,46,0,0,434.71,0.0,0.0,0.0,457807.77,4668634.46,COTA,0.001,0.0,34,1,5.0,5,434.7,COT01,/POSE/X0.00/Y-7.50/m,457807.77,4668634.46,434.71
870,0,2,46,0,0,432.94,0.0,0.0,0.0,457808.8,4669075.41,COTA,0.001,0.0,34,1,5.0,5,432.9,COT01,/POSE/X0.00/Y-7.50/m,457808.8,4669075.41,432.94
871,0,2,46,0,0,433.73,0.0,0.0,0.0,457772.01,4669093.62,COTA,0.001,0.0,34,1,5.0,5,433.7,COT01,/POSE/X-19.66/Y-7.87/m,457772.01,4669093.62,433.73
876,0,2,46,0,0,433.92,0.0,0.0,0.0,457765.73,4669137.14,COTA,0.001,0.0,34,1,5.0,5,433.9,COT01,/POSE/X1.92/Y1.75/m,457765.73,4669137.14,433.92
877,0,2,46,0,0,430.42,0.0,0.0,0.0,457837.62,4669186.72,COTA,0.001,0.0,34,1,5.0,5,430.4,COT01,/POSE/X0.00/Y-7.50/m,457837.62,4669186.72,430.42
878,0,2,46,0,0,430.18,0.0,0.0,0.0,457840.93,4669320.0,COTA,0.001,0.0,34,1,5.0,5,430.2,COT01,/POSE/X0.00/Y-7.50/m,457840.93,4669320.0,430.18
880,0,2,46,0,0,430.62,0.0,0.0,0.0,457833.2,4669457.62,COTA,0.001,0.0,34,1,5.0,5,430.6,COT01,/POSE/X0.00/Y-7.50/m,457833.2,4669457.62,430.62
882,0,2,46,0,0,431.2,0.0,0.0,0.0,457750.27,4669408.66,COTA,0.001,0.0,34,1,5.0,5,431.2,COT01,/POSE/X-17.37/Y-9.37/m,457750.27,4669408.66,431.2
883,0,2,46,0,0,431.65,0.0,0.0,0.0,457749.75,4669377.29,COTA,0.001,0.0,34,1,5.0,5,431.7,COT01,/POSE/X-16.51/Y-9.11/m,457749.75,4669377.29,431.65
884,0,2,46,0,0,430.56,0.0,0.0,0.0,457735.82,4669472.58,COTA,0.001,0.0,34,1,5.0,5,430.6,COT01,/POSE/X4.77/Y-7.31/m,457735.82,4669472.58,430.56
891,0,2,46,0,0,436.79,0.0,0.0,0.0,457545.19,4669054.74,COTA,0.001,0.0,34,1,5.0,5,436.8,COT01,/POSE/X3.75/Y-6.36/m,457545.19,4669054.74,436.79
896,0,2,46,0,0,437.99,0.0,0.0,0.0,457526.6,4668862.49,COTA,0.001,0.0,34,1,5.0,5,438.0,COT01,/POSE/X-15.17/Y-8.53/m,457526.6,4668862.49,437.99
897,0,2,46,0,0,437.03,0.0,0.0,0.0,457571.17,4668910.45,COTA,0.001,0.0,34,1,5.0,5,437.0,COT01,/POSE/X-20.63/Y-5.43/m,457571.17,4668910.45,437.03
902,0,2,46,0,0,434.43,0.0,0.0,0.0,457671.54,4668867.48,COTA,0.001,0.0,34,1,5.0,5,434.4,COT01,/POSE/X4.29/Y-1.86/m,457671.54,4668867.48,434.43
906,0,2,46,0,0,434.31,0.0,0.0,0.0,457749.64,4668994.39,COTA,0.001,0.0,34,1,5.0,5,434.3,COT01,/POSE/X3.10/Y-3.62/m,457749.64,4668994.39,434.31
907,0,2,46,0,0,434.4,0.0,0.0,0.0,457695.73,4668973.56,COTA,0.001,0.0,34,1,5.0,5,434.4,COT01,/POSE/X0.00/Y-7.50/m,457695.73,4668973.56,434.4
911,0,2,46,0,0,430.76,0.0,0.0,0.0,457830.46,4669840.69,COTA,0.001,0.0,34,1,5.0,5,430.8,COT01,/POSE/X-18.54/Y-6.73/m,457830.46,4669840.69,430.76
912,0,2,46,0,0,430.83,0.0,0.0,0.0,457720.18,4669555.48,COTA,0.001,0.0,34,1,5.0,5,430.8,COT01,/POSE/X-0.40/Y-8.62/m,457720.18,4669555.48,430.83
913,0,2,46,0,0,433.62,0.0,0.0,0.0,457215.47,4670879.38,COTA,0.001,0.0,34,1,5.0,5,433.6,COT01,/POSE/X0.14/Y2.87/m,457215.47,4670879.38,433.62
920,0,2,46,0,0,444.3,0.0,0.0,0.0,457427.08,4670692.15,COTA,0.001,0.0,34,1,5.0,5,444.3,COT01,/POSE/X4.94/Y-7.63/m,457427.08,4670692.15,444.3
926,0,2,46,0,0,437.78,0.0,0.0,0.0,457244.92,4670738.89,COTA,0.001,0.0,34,1,5.0,5,437.8,COT01,/POSE/X-19.50/Y-8.17/m,457244.92,4670738.89,437.78
927,0,2,46,0,0,435.11,0.0,0.0,0.0,457225.28,4670808.14,COTA,0.001,0.0,34,1,5.0,5,435.1,COT01,/POSE/X0.00/Y-7.50/m,457225.28,4670808.14,435.11
928,0,2,46,0,0,440.27,0.0,0.0,0.0,457306.03,4670697.68,COTA,0.001,0.0,34,1,5.0,5,440.3,COT01,/POSE/X1.13/Y-7.24/m,457306.03,4670697.68,440.27
929,0,2,46,0,0,443.35,0.0,0.0,0.0,457461.17,4670589.07,COTA,0.001,0.0,34,1,5.0,5,443.4,COT01,/POSE/X-1.16/Y2.25/m,457461.17,4670589.07,443.35
932,0,2,46,0,0,453.81,0.0,0.0,0.0,457568.68,4670715.93,COTA,0.001,0.0,34,1,5.0,5,453.8,COT01,/POSE/X0.00/Y2.62/m,457568.68,4670715.93,453.81
935,0,2,46,0,0,456.28,0.0,0.0,0.0,457571.33,4670784.85,COTA,0.001,0.0,34,1,5.0,5,456.3,COT01,/POSE/X-18.82/Y-7.37/m,457571.33,4670784.85,456.28
949,0,2,46,0,0,460.46,0.0,0.0,0.0,457752.62,4670669.6,COTA,0.001,0.0,34,1,5.0,5,460.5,COT01,/POSE/X-13.68/Y-10.19/m,457752.62,4670669.6,460.46
950,0,2,46,0,0,468.12,0.0,0.0,0.0,457819.34,4670695.57,COTA,0.001,0.0,34,1,5.0,5,468.1,COT01,/POSE/X-20.09/Y-4.81/m,457819.34,4670695.57,468.12
951,0,2,46,0,0,470.14,0.0,0.0,0.0,457785.72,4670727.75,COTA,0.001,0.0,34,1,5.0,5,470.1,COT01,/POSE/X-6.84/Y-8.74/m,457785.72,4670727.75,470.14
954,0,2,46,0,0,480.71,0.0,0.0,0.0,458059.41,4670657.06,COTA,0.001,0.0,34,1,5.0,5,480.7,COT01,/POSE/X1.42/Y-8.83/m,458059.41,4670657.06,480.71
955,0,2,46,0,0,480.26,0.0,0.0,0.0,457983.47,4670657.02,COTA,0.001,0.0,34,1,5.0,5,480.3,COT01,/POSE/X-18.35/Y-5.63/m,457983.47,4670657.02,480.26
956,0,2,46,0,0,484.45,0.0,0.0,0.0,458068.29,4670696.77,COTA,0.001,0.0,34,1,5.0,5,484.5,COT01,/POSE/X-18.22/Y-7.87/m,458068.29,4670696.77,484.45
957,0,2,46,0,0,484.42,0.0,0.0,0.0,457991.21,4670697.73,COTA,0.001,0.0,34,1,5.0,5,484.4,COT01,/POSE/X-17.84/Y1.19/m,457991.21,4670697.73,484.42
958,0,2,46,0,0,487.49,0.0,0.0,0.0,458026.14,4670721.56,COTA,0.001,0.0,34,1,5.0,5,487.5,COT01,/POSE/X0.00/Y-7.50/m,458026.14,4670721.56,487.49
959,0,2,46,0,0,479.56,0.0,0.0,0.0,457864.56,4670736.47,COTA,0.001,0.0,34,1,5.0,5,479.6,COT01,/POSE/X0.00/Y-7.50/m,457864.56,4670736.47,479.56
960,0,2,46,0,0,506.62,0.0,0.0,0.0,457859.16,4670793.46,COTA,0.001,0.0,34,1,5.0,5,506.6,COT01,/POSE/X0.00/Y-7.50/m,457859.16,4670793.46,506.62
961,0,2,46,0,0,506.86,0.0,0.0,0.0,457790.36,4670832.82,COTA,0.001,0.0,34,1,5.0,5,506.9,COT01,/POSE/X0.00/Y-7.50/m,457790.36,4670832.82,506.86
962,0,2,46,0,0,481.65,0.0,0.0,0.0,457686.5,4670894.77,COTA,0.001,0.0,34,1,5.0,5,481.7,COT01,/POSE/X0.84/Y-6.51/m,457686.5,4670894.77,481.65
965,0,2,46,0,0,530.35,0.0,0.0,0.0,457816.25,4670904.05,COTA,0.001,0.0,34,1,5.0,5,530.4,COT01,/POSE/X-17.49/Y-9.09/m,457816.25,4670904.05,530.35
966,0,2,46,0,0,523.33,0.0,0.0,0.0,457985.61,4670915.2,COTA,0.001,0.0,34,1,5.0,5,523.3,COT01,/POSE/X5.48/Y-2.56/m,457985.61,4670915.2,523.33
971,0,2,46,0,0,444.89,0.0,0.0,0.0,457657.05,4670471.32,COTA,0.001,0.0,34,1,5.0,5,444.9,COT01,/POSE/X-6.58/Y-8.09/m,457657.05,4670471.32,444.89
972,0,2,46,0,0,450.45,0.0,0.0,0.0,457634.99,4670520.15,COTA,0.001,0.0,34,1,5.0,5,450.5,COT01,/POSE/X0.00/Y-7.50/m,457634.99,4670520.15,450.45
975,0,2,46,0,0,457.5,0.0,0.0,0.0,457607.66,4670596.25,COTA,0.001,0.0,34,1,5.0,5,457.5,COT01,/POSE/X-7.30/Y-9.60/m,457607.66,4670596.25,457.5
978,0,2,46,0,0,449.86,0.0,0.0,0.0,457566.44,4670560.87,COTA,0.001,0.0,34,1,5.0,5,449.9,COT01,/POSE/X4.73/Y-3.86/m,457566.44,4670560.87,449.86
980,0,2,46,0,0,445.86,0.0,0.0,0.0,457742.08,4670503.26,COTA,0.001,0.0,34,1,5.0,5,445.9,COT01,/POSE/X0.00/Y-7.50/m,457742.08,4670503.26,445.86
981,0,2,46,0,0,441.03,0.0,0.0,0.0,457791.34,4670383.42,COTA,0.001,0.0,34,1,5.0,5,441.0,COT01,/POSE/X0.00/Y-7.50/m,457791.34,4670383.42,441.03
983,0,2,46,0,0,440.85,0.0,0.0,0.0,457641.49,4670419.96,COTA,0.001,0.0,34,1,5.0,5,440.9,COT01,/POSE/X3.76/Y-3.68/m,457641.49,4670419.96,440.85
988,0,2,46,0,0,436.54,0.0,0.0,0.0,457376.66,4670433.64,COTA,0.001,0.0,34,1,5.0,5,436.5,COT01,/POSE/X-1.77/Y3.67/m,457376.66,4670433.64,436.54
992,0,2,46,0,0,437.02,0.0,0.0,0.0,457385.07,4670514.02,COTA,0.001,0.0,34,1,5.0,5,437.0,COT01,/POSE/X-1.14/Y3.73/m,457385.07,4670514.02,437.02
995,0,2,46,0,0,439.34,0.0,0.0,0.0,457387.19,4670571.69,COTA,0.001,0.0,34,1,5.0,5,439.3,COT01,/POSE/X4.08/Y-0.73/m,457387.19,4670571.69,439.34
996,0,2,46,0,0,437.71,0.0,0.0,0.0,457337.83,4670578.19,COTA,0.001,0.0,34,1,5.0,5,437.7,COT01,/POSE/X3.18/Y5.57/m,457337.83,4670578.19,437.71
1004,0,2,46,0,0,440.39,0.0,0.0,0.0,457586.51,4670429.7,COTA,0.001,0.0,34,1,5.0,5,440.4,COT01,/POSE/X3.14/Y-5.15/m,457586.51,4670429.7,440.39
1009,0,2,46,0,0,448.52,0.0,0.0,0.0,457753.02,4670538.14,COTA,0.001,0.0,34,1,5.0,5,448.5,COT01,/POSE/X-2.19/Y-7.50/m,457753.02,4670538.14,448.52
1012,0,2,46,0,0,457.47,0.0,0.0,0.0,457867.29,4670631.16,COTA,0.001,0.0,34,1,5.0,5,457.5,COT01,/POSE/X-18.97/Y-7.50/m,457867.29,4670631.16,457.47
1014,0,2,46,0,0,447.81,0.0,0.0,0.0,457871.37,4670561.58,COTA,0.001,0.0,34,1,5.0,5,447.8,COT01,/POSE/X-0.63/Y-6.33/m,457871.37,4670561.58,447.81
1016,0,2,46,0,0,460.33,0.0,0.0,0.0,457965.64,4670570.07,COTA,0.001,0.0,34,1,5.0,5,460.3,COT01,/POSE/X-15.15/Y-10.25/m,457965.64,4670570.07,460.33
1017,0,2,46,0,0,456.12,0.0,0.0,0.0,458020.94,4670542.38,COTA,0.001,0.0,34,1,5.0,5,456.1,COT01,/POSE/X0.87/Y5.35/m,458020.94,4670542.38,456.12
1019,0,2,46,0,0,448.29,0.0,0.0,0.0,458042.97,4670512.8,COTA,0.001,0.0,34,1,5.0,5,448.3,COT01,/POSE/X-19.43/Y-3.39/m,458042.97,4670512.8,448.29
1020,0,2,46,0,0,446.07,0.0,0.0,0.0,458070.86,4670527.49,COTA,0.001,0.0,34,1,5.0,5,446.1,COT01,/POSE/X-4.39/Y-8.67/m,458070.86,4670527.49,446.07
1021,0,2,46,0,0,460.37,0.0,0.0,0.0,458064.49,4670572.74,COTA,0.001,0.0,34,1,5.0,5,460.4,COT01,/POSE/X-17.73/Y-0.91/m,458064.49,4670572.74,460.37
1023,0,2,46,0,0,456.6,0.0,0.0,0.0,457973.0,4670548.94,COTA,0.001,0.0,34,1,5.0,5,456.6,COT01,/POSE/X3.76/Y0.43/m,457973.0,4670548.94,456.6
1025,0,2,46,0,0,458.48,0.0,0.0,0.0,458147.68,4670712.3,COTA,0.001,0.0,34,1,5.0,5,458.5,COT01,/POSE/X-20.54/Y-5.78/m,458147.68,4670712.3,458.48
1028,0,2,46,0,0,469.85,0.0,0.0,0.0,457723.03,4670751.08,COTA,0.001,0.0,34,1,5.0,5,469.9,COT01,/POSE/X-6.98/Y5.43/m,457723.03,4670751.08,469.85
1034,0,2,46,0,0,435.55,0.0,0.0,0.0,457364.63,4670347.02,COTA,0.001,0.0,34,1,5.0,5,435.6,COT01,/POSE/X-2.51/Y-8.81/m,457364.63,4670347.02,435.55
1038,0,2,46,0,0,437.18,0.0,0.0,0.0,457518.37,4670362.14,COTA,0.001,0.0,34,1,5.0,5,437.2,COT01,/POSE/X-9.20/Y-8.81/m,457518.37,4670362.14,437.18
1044,0,2,46,0,0,440.89,0.0,0.0,0.0,457205.02,4670412.09,COTA,0.001,0.0,34,1,5.0,5,440.9,COT01,/POSE/X2.71/Y3.06/m,457205.02,4670412.09,440.89
1045,0,2,46,0,0,443.0,0.0,0.0,0.0,457179.0,4670418.63,COTA,0.001,0.0,34,1,5.0,5,443.0,COT01,/POSE/X2.44/Y4.40/m,457179.0,4670418.63,443.0
1047,0,2,46,0,0,449.63,0.0,0.0,0.0,457098.45,4670490.19,COTA,0.001,0.0,34,1,5.0,5,449.6,COT01,/POSE/X2.87/Y1.20/m,457098.45,4670490.19,449.63
1051,0,2,46,0,0,441.75,0.0,0.0,0.0,457199.19,4670539.83,COTA,0.001,0.0,34,1,5.0,5,441.8,COT01,/POSE/X0.00/Y-7.50/m,457199.19,4670539.83,441.75
1053,0,2,46,0,0,446.83,0.0,0.0,0.0,457155.66,4670631.94,COTA,0.001,0.0,34,1,5.0,5,446.8,COT01,/POSE/X-18.52/Y-10.14/m,457155.66,4670631.94,446.83
1055,0,2,46,0,0,433.57,0.0,0.0,0.0,457105.62,4670818.44,COTA,0.001,0.0,34,1,5.0,5,433.6,COT01,/POSE/X-3.34/Y-7.69/m,457105.62,4670818.44,433.57
1056,0,2,46,0,0,435.11,0.0,0.0,0.0,457134.45,4670746.37,COTA,0.001,0.0,34,1,5.0,5,435.1,COT01,/POSE/X0.00/Y-7.50/m,457134.45,4670746.37,435.11
1057,0,2,46,0,0,438.67,0.0,0.0,0.0,457294.99,4670829.21,COTA,0.001,0.0,34,1,5.0,5,438.7,COT01,/POSE/X-17.15/Y-9.61/m,457294.99,4670829.21,438.67
1059,0,2,46,0,0,431.25,0.0,0.0,0.0,457464.3,4669496.71,COTA,0.001,0.0,34,1,5.0,5,431.3,COT01,/POSE/X0.00/Y-7.50/m,457464.3,4669496.71,431.25
1060,0,2,46,0,0,453.03,0.0,0.0,0.0,457102.89,4670393.07,COTA,0.001,0.0,34,1,5.0,5,453.0,COT01,/POSE/X-5.80/Y3.34/m,457102.89,4670393.07,453.03
1062,0,2,46,0,0,458.18,0.0,0.0,0.0,457107.95,4670303.21,COTA,0.001,0.0,34,1,5.0,5,458.2,COT01,/POSE/X-7.97/Y3.02/m,457107.95,4670303.21,458.18
1063,0,2,46,0,0,462.75,0.0,0.0,0.0,457124.83,4670224.49,COTA,0.001,0.0,34,1,5.0,5,462.8,COT01,/POSE/X-9.20/Y-9.06/m,457124.83,4670224.49,462.75
1064,0,2,46,0,0,463.86,0.0,0.0,0.0,457131.36,4670205.45,COTA,0.001,0.0,34,1,5.0,5,463.9,COT01,/POSE/X-6.13/Y-7.76/m,457131.36,4670205.45,463.86
1069,0,2,46,0,0,445.98,0.0,0.0,0.0,457261.46,4670112.11,COTA,0.001,0.0,34,1,5.0,5,446.0,COT01,/POSE/X-21.11/Y1.32/m,457261.46,4670112.11,445.98
1071,0,2,46,0,0,437.29,0.0,0.0,0.0,457304.76,4670160.04,COTA,0.001,0.0,34,1,5.0,5,437.3,COT01,/POSE/X0.00/Y-7.50/m,457304.76,4670160.04,437.29
1072,0,2,46,0,0,438.39,0.0,0.0,0.0,457264.91,4670252.93,COTA,0.001,0.0,34,1,5.0,5,438.4,COT01,/POSE/X-17.80/Y3.65/m,457264.91,4670252.93,438.39
1076,0,2,46,0,0,473.17,0.0,0.0,0.0,457102.04,4670200.57,COTA,0.001,0.0,34,1,5.0,5,473.2,COT01,/POSE/X2.23/Y-6.45/m,457102.04,4670200.57,473.17
1082,0,2,46,0,0,480.94,0.0,0.0,0.0,457142.74,4670116.71,COTA,0.001,0.0,34,1,5.0,5,480.9,COT01,/POSE/X0.00/Y-7.50/m,457142.74,4670116.71,480.94
1083,0,2,46,0,0,452.56,0.0,0.0,0.0,457199.47,4670171.38,COTA,0.001,0.0,34,1,5.0,5,452.6,COT01,/POSE/X-13.72/Y3.96/m,457199.47,4670171.38,452.56
1084,0,2,46,0,0,454.02,0.0,0.0,0.0,457140.71,4670295.87,COTA,0.001,0.0,34,1,5.0,5,454.0,COT01,/POSE/X-2.49/Y-9.46/m,457140.71,4670295.87,454.02
1086,0,2,46,0,0,436.07,0.0,0.0,0.0,457345.85,4670075.57,COTA,0.001,0.0,34,1,5.0,5,436.1,COT01,/POSE/X2.01/Y3.55/m,457345.85,4670075.57,436.07
1092,0,2,46,0,0,436.24,0.0,0.0,0.0,457511.45,4670218.56,COTA,0.001,0.0,34,1,5.0,5,436.2,COT01,/POSE/X-3.45/Y4.09/m,457511.45,4670218.56,436.24
1095,0,2,46,0,0,435.65,0.0,0.0,0.0,457492.96,4670146.11,COTA,0.001,0.0,34,1,5.0,5,435.7,COT01,/POSE/X3.61/Y3.07/m,457492.96,4670146.11,435.65
1102,0,2,46,0,0,433.59,0.0,0.0,0.0,457668.24,4670016.48,COTA,0.001,0.0,34,1,5.0,5,433.6,COT01,/POSE/X3.85/Y-7.77/m,457668.24,4670016.48,433.59
1104,0,2,46,0,0,433.07,0.0,0.0,0.0,457482.89,4669915.96,COTA,0.001,0.0,34,1,5.0,5,433.1,COT01,/POSE/X0.00/Y-7.50/m,457482.89,4669915.96,433.07
1108,0,2,46,0,0,433.67,0.0,0.0,0.0,457307.85,4669680.25,COTA,0.001,0.0,34,1,5.0,5,433.7,COT01,/POSE/X3.20/Y-3.92/m,457307.85,4669680.25,433.67
1109,0,2,46,0,0,433.35,0.0,0.0,0.0,457335.47,4669742.11,COTA,0.001,0.0,34,1,5.0,5,433.4,COT01,/POSE/X-3.20/Y-8.53/m,457335.47,4669742.11,433.35
1112,0,2,46,0,0,433.73,0.0,0.0,0.0,457433.74,4669892.05,COTA,0.001,0.0,34,1,5.0,5,433.7,COT01,/POSE/X-5.53/Y-9.32/m,457433.74,4669892.05,433.73
1115,0,2,46,0,0,432.0,0.0,0.0,0.0,457388.8,4670067.58,COTA,0.001,0.0,34,1,5.0,5,432.0,COT01,/POSE/X0.00/Y-7.50/m,457388.8,4670067.58,432.0
1116,0,2,46,0,0,434.58,0.0,0.0,0.0,457467.45,4670053.89,COTA,0.001,0.0,34,1,5.0,5,434.6,COT01,/POSE/X-12.94/Y-8.58/m,457467.45,4670053.89,434.58
1117,0,2,46,0,0,434.42,0.0,0.0,0.0,457407.23,4669944.95,COTA,0.001,0.0,34,1,5.0,5,434.4,COT01,/POSE/X4.28/Y-6.03/m,457407.23,4669944.95,434.42
1118,0,2,46,0,0,434.84,0.0,0.0,0.0,457353.7,4669943.07,COTA,0.001,0.0,34,1,5.0,5,434.8,COT01,/POSE/X-17.66/Y-8.38/m,457353.7,4669943.07,434.84
1121,0,2,46,0,0,441.43,0.0,0.0,0.0,457195.47,4669836.57,COTA,0.001,0.0,34,1,5.0,5,441.4,COT01,/POSE/X1.56/Y2.58/m,457195.47,4669836.57,441.43
1123,0,2,46,0,0,439.51,0.0,0.0,0.0,457278.74,4669991.82,COTA,0.001,0.0,34,1,5.0,5,439.5,COT01,/POSE/X0.57/Y3.25/m,457278.74,4669991.82,439.51
1126,0,2,46,0,0,445.0,0.0,0.0,0.0,457246.7,4669917.92,COTA,0.001,0.0,34,1,5.0,5,445.0,COT01,/POSE/X-2.50/Y5.74/m,457246.7,4669917.92,445.0
1128,0,2,46,0,0,439.79,0.0,0.0,0.0,457140.02,4669783.47,COTA,0.001,0.0,34,1,5.0,5,439.8,COT01,/POSE/X-3.45/Y-9.58/m,457140.02,4669783.47,439.79
1129,0,2,46,0,0,443.64,0.0,0.0,0.0,457130.82,4669802.76,COTA,0.001,0.0,34,1,5.0,5,443.6,COT01,/POSE/X2.13/Y1.01/m,457130.82,4669802.76,443.64
1130,0,2,46,0,0,445.7,0.0,0.0,0.0,457126.02,4669812.1,COTA,0.001,0.0,34,1,5.0,5,445.7,COT01,/POSE/X-20.76/Y-7.24/m,457126.02,4669812.1,445.7
1131,0,2,46,0,0,453.17,0.0,0.0,0.0,457123.65,4669850.53,COTA,0.001,0.0,34,1,5.0,5,453.2,COT01,/POSE/X3.88/Y2.89/m,457123.65,4669850.53,453.17
1136,0,2,46,0,0,433.81,0.0,0.0,0.0,457099.76,4669730.6,COTA,0.001,0.0,34,1,5.0,5,433.8,COT01,/POSE/X0.00/Y-7.50/m,457099.76,4669730.6,433.81
1137,0,2,46,0,0,431.83,0.0,0.0,0.0,457183.1,4669720.95,COTA,0.001,0.0,34,1,5.0,5,431.8,COT01,/POSE/X0.00/Y-7.50/m,457183.1,4669720.95,431.83
1143,0,2,46,0,0,431.62,0.0,0.0,0.0,457487.6,4669756.72,COTA,0.001,0.0,34,1,5.0,5,431.6,COT01,/POSE/X-1.19/Y-7.78/m,457487.6,4669756.72,431.62
1147,0,2,46,0,0,432.4,0.0,0.0,0.0,457425.11,4669784.47,COTA,0.001,0.0,34,1,5.0,5,432.4,COT01,/POSE/X-15.68/Y5.60/m,457425.11,4669784.47,432.4
1148,0,2,46,0,0,432.62,0.0,0.0,0.0,457521.37,4669870.94,COTA,0.001,0.0,34,1,5.0,5,432.6,COT01,/POSE/X0.00/Y-7.50/m,457521.37,4669870.94,432.62
1151,0,2,46,0,0,432.08,0.0,0.0,0.0,457714.12,4669878.01,COTA,0.001,0.0,34,1,5.0,5,432.1,COT01,/POSE/X1.91/Y-6.56/m,457714.12,4669878.01,432.08
1152,0,2,46,0,0,431.59,0.0,0.0,0.0,457753.25,4669819.84,COTA,0.001,0.0,34,1,5.0,5,431.6,COT01,/POSE/X-17.16/Y4.05/m,457753.25,4669819.84,431.59
1153,0,2,46,0,0,431.76,0.0,0.0,0.0,457768.82,4669904.63,COTA,0.001,0.0,34,1,5.0,5,431.8,COT01,/POSE/X-19.65/Y-1.53/m,457768.82,4669904.63,431.76
1154,0,2,46,0,0,433.16,0.0,0.0,0.0,457667.88,4669874.95,COTA,0.001,0.0,34,1,5.0,5,433.2,COT01,/POSE/X6.65/Y-4.12/m,457667.88,4669874.95,433.16
1155,0,2,46,0,0,433.02,0.0,0.0,0.0,457704.8,4669944.41,COTA,0.001,0.0,34,1,5.0,5,433.0,COT01,/POSE/X1.75/Y-7.33/m,457704.8,4669944.41,433.02
1157,0,2,46,0,0,435.37,0.0,0.0,0.0,457642.86,4670179.77,COTA,0.001,0.0,34,1,5.0,5,435.4,COT01,/POSE/X-11.79/Y-8.58/m,457642.86,4670179.77,435.37
1161,0,2,46,0,0,431.53,0.0,0.0,0.0,457614.13,4669722.74,COTA,0.001,0.0,34,1,5.0,5,431.5,COT01,/POSE/X-20.04/Y-7.81/m,457614.13,4669722.74,431.53
1162,0,2,46,0,0,431.3,0.0,0.0,0.0,457683.49,4669713.03,COTA,0.001,0.0,34,1,5.0,5,431.3,COT01,/POSE/X1.98/Y1.91/m,457683.49,4669713.03,431.3
1163,0,2,46,0,0,431.03,0.0,0.0,0.0,457739.15,4669749.79,COTA,0.001,0.0,34,1,5.0,5,431.0,COT01,/POSE/X0.00/Y-7.50/m,457739.15,4669749.79,431.03
1165,0,2,46,0,0,432.32,0.0,0.0,0.0,457696.76,4669762.03,COTA,0.001,0.0,34,1,5.0,5,432.3,COT01,/POSE/X-15.74/Y3.64/m,457696.76,4669762.03,432.32
1166,0,2,46,0,0,431.38,0.0,0.0,0.0,457811.81,4669781.13,COTA,0.001,0.0,34,1,5.0,5,431.4,COT01,/POSE/X-2.54/Y3.64/m,457811.81,4669781.13,431.38
1170,0,2,46,0,0,430.59,0.0,0.0,0.0,457771.26,4669617.75,COTA,0.001,0.0,34,1,5.0,5,430.6,COT01,/POSE/X-21.28/Y-1.83/m,457771.26,4669617.75,430.59
1171,0,2,46,0,0,432.64,0.0,0.0,0.0,457745.19,4669702.54,COTA,0.001,0.0,34,1,5.0,5,432.6,COT01,/POSE/X-6.24/Y-8.33/m,457745.19,4669702.54,432.64
1172,0,2,46,0,0,430.69,0.0,0.0,0.0,457565.88,4669647.24,COTA,0.001,0.0,34,1,5.0,5,430.7,COT01,/POSE/X-17.04/Y-8.98/m,457565.88,4669647.24,430.69
1177,0,2,46,0,0,431.15,0.0,0.0,0.0,457519.01,4669575.84,COTA,0.001,0.0,34,1,5.0,5,431.2,COT01,/POSE/X-7.17/Y5.49/m,457519.01,4669575.84,431.15
1178,0,2,46,0,0,432.69,0.0,0.0,0.0,457643.25,4669571.94,COTA,0.001,0.0,34,1,5.0,5,432.7,COT01,/POSE/X-3.94/Y3.58/m,457643.25,4669571.94,432.69
1180,0,2,46,0,0,432.19,0.0,0.0,0.0,457397.08,4669670.88,COTA,0.001,0.0,34,1,5.0,5,432.2,COT01,/POSE/X1.81/Y2.14/m,457397.08,4669670.88,432.19
1182,0,2,46,0,0,431.72,0.0,0.0,0.0,457480.76,4669654.38,COTA,0.001,0.0,34,1,5.0,5,431.7,COT01,/POSE/X0.00/Y-7.50/m,457480.76,4669654.38,431.72
1183,0,2,46,0,0,431.26,0.0,0.0,0.0,457535.33,4669611.42,COTA,0.001,0.0,34,1,5.0,5,431.3,COT01,/POSE/X-10.99/Y-9.73/m,457535.33,4669611.42,431.26
1184,0,2,46,0,0,434.05,0.0,0.0,0.0,457976.14,4669737.76,COTA,0.001,0.0,34,1,5.0,5,434.1,COT01,/POSE/X-1.67/Y-8.02/m,457976.14,4669737.76,434.05
1186,0,2,46,0,0,435.36,0.0,0.0,0.0,458006.59,4669612.59,COTA,0.001,0.0,34,1,5.0,5,435.4,COT01,/POSE/X-15.37/Y-7.21/m,458006.59,4669612.59,435.36
1190,0,2,46,0,0,431.71,0.0,0.0,0.0,457599.24,4669373.23,COTA,0.001,0.0,34,1,5.0,5,431.7,COT01,/POSE/X7.00/Y0.15/m,457599.24,4669373.23,431.71
1191,0,2,46,0,0,432.41,0.0,0.0,0.0,457669.87,4669252.29,COTA,0.001,0.0,34,1,5.0,5,432.4,COT01,/POSE/X3.17/Y-5.02/m,457669.87,4669252.29,432.41
1196,0,2,46,0,0,431.86,0.0,0.0,0.0,457461.6,4669340.25,COTA,0.001,0.0,34,1,5.0,5,431.9,COT01,/POSE/X-16.93/Y5.16/m,457461.6,4669340.25,431.86
1198,0,2,46,0,0,434.11,0.0,0.0,0.0,457589.17,4669237.34,COTA,0.001,0.0,34,1,5.0,5,434.1,COT01,/POSE/X1.42/Y-8.04/m,457589.17,4669237.34,434.11
1200,0,2,46,0,0,432.75,0.0,0.0,0.0,457486.53,4669424.08,COTA,0.001,0.0,34,1,5.0,5,432.8,COT01,/POSE/X-3.10/Y-9.86/m,457486.53,4669424.08,432.75
1202,0,2,46,0,0,433.15,0.0,0.0,0.0,457350.54,4669315.56,COTA,0.001,0.0,34,1,5.0,5,433.2,COT01,/POSE/X0.00/Y-8.57/m,457350.54,4669315.56,433.15
1204,0,2,46,0,0,433.37,0.0,0.0,0.0,457327.17,4669431.39,COTA,0.001,0.0,34,1,5.0,5,433.4,COT01,/POSE/X-20.01/Y-4.06/m,457327.17,4669431.39,433.37
1207,0,2,46,0,0,433.93,0.0,0.0,0.0,457271.78,4669603.96,COTA,0.001,0.0,34,1,5.0,5,433.9,COT01,/POSE/X-14.52/Y-9.01/m,457271.78,4669603.96,433.93
1208,0,2,46,0,0,433.29,0.0,0.0,0.0,457312.47,4669629.25,COTA,0.001,0.0,34,1,5.0,5,433.3,COT01,/POSE/X7.34/Y0.97/m,457312.47,4669629.25,433.29
1212,0,2,46,0,0,437.01,0.0,0.0,0.0,457130.48,4669268.18,COTA,0.001,0.0,34,1,5.0,5,437.0,COT01,/POSE/X0.00/Y-10.81/m,457130.48,4669268.18,437.01
1215,0,2,46,0,0,434.91,0.0,0.0,0.0,457183.36,4669468.17,COTA,0.001,0.0,34,1,5.0,5,434.9,COT01,/POSE/X-12.88/Y-8.29/m,457183.36,4669468.17,434.91
1216,0,2,46,0,0,437.49,0.0,0.0,0.0,457165.11,4669551.89,COTA,0.001,0.0,34,1,5.0,5,437.5,COT01,/POSE/X-12.77/Y3.66/m,457165.11,4669551.89,437.49
1219,0,2,46,0,0,432.64,0.0,0.0,0.0,457148.33,4669569.92,COTA,0.001,0.0,34,1,5.0,5,432.6,COT01,/POSE/X-17.01/Y1.47/m,457148.33,4669569.92,432.64
1221,0,2,46,0,0,433.46,0.0,0.0,0.0,457273.48,4669623.49,COTA,0.001,0.0,34,1,5.0,5,433.5,COT01,/POSE/X-3.25/Y-9.40/m,457273.48,4669623.49,433.46
1223,0,2,46,0,0,434.48,0.0,0.0,0.0,457248.25,4669505.46,COTA,0.001,0.0,34,1,5.0,5,434.5,COT01,/POSE/X1.00/Y5.01/m,457248.25,4669505.46,434.48
1226,0,2,46,0,0,436.3,0.0,0.0,0.0,457165.58,4669360.26,COTA,0.001,0.0,34,1,5.0,5,436.3,COT01,/POSE/X0.00/Y-7.50/m,457165.58,4669360.26,436.3
1229,0,2,46,0,0,442.28,0.0,0.0,0.0,457243.62,4668777.28,COTA,0.001,0.0,34,1,5.0,5,442.3,COT01,/POSE/X-8.46/Y-7.84/m,457243.62,4668777.28,442.28
1231,0,2,46,0,0,443.06,0.0,0.0,0.0,457309.41,4668657.58,COTA,0.001,0.0,34,1,5.0,5,443.1,COT01,/POSE/X2.38/Y1.92/m,457309.41,4668657.58,443.06
1238,0,2,46,0,0,439.85,0.0,0.0,0.0,457442.1,4668895.83,COTA,0.001,0.0,34,1,5.0,5,439.9,COT01,/POSE/X3.14/Y-7.66/m,457442.1,4668895.83,439.85
1242,0,2,46,0,0,438.28,0.0,0.0,0.0,457491.46,4668714.39,COTA,0.001,0.0,34,1,5.0,5,438.3,COT01,/POSE/X-6.15/Y-9.12/m,457491.46,4668714.39,438.28
1244,0,2,46,0,0,437.75,0.0,0.0,0.0,457536.24,4668810.61,COTA,0.001,0.0,34,1,5.0,5,437.8,COT01,/POSE/X-11.33/Y-8.71/m,457536.24,4668810.61,437.75
1245,0,2,46,0,0,438.64,0.0,0.0,0.0,457589.44,4668797.51,COTA,0.001,0.0,34,1,5.0,5,438.6,COT01,/POSE/X-6.73/Y2.68/m,457589.44,4668797.51,438.64
1247,0,2,46,0,0,440.43,0.0,0.0,0.0,457375.93,4668743.15,COTA,0.001,0.0,34,1,5.0,5,440.4,COT01,/POSE/X0.00/Y-7.50/m,457375.93,4668743.15,440.43
1248,0,2,46,0,0,441.45,0.0,0.0,0.0,457371.84,4668649.72,COTA,0.001,0.0,34,1,5.0,5,441.5,COT01,/POSE/X-5.40/Y-8.90/m,457371.84,4668649.72,441.45
1249,0,2,46,0,0,443.39,0.0,0.0,0.0,457248.79,4668643.69,COTA,0.001,0.0,34,1,5.0,5,443.4,COT01,/POSE/X0.00/Y-7.50/m,457248.79,4668643.69,443.39
1250,0,2,46,0,0,443.91,0.0,0.0,0.0,457144.06,4668683.31,COTA,0.001,0.0,34,1,5.0,5,443.9,COT01,/POSE/X0.26/Y-9.39/m,457144.06,4668683.31,443.91
1251,0,2,46,0,0,444.32,0.0,0.0,0.0,457088.86,4668702.73,COTA,0.001,0.0,34,1,5.0,5,444.3,COT01,/POSE/X1.26/Y-6.33/m,457088.86,4668702.73,444.32
1252,0,2,46,0,0,448.84,0.0,0.0,0.0,457109.99,4668640.69,COTA,0.001,0.0,34,1,5.0,5,448.8,COT01,/POSE/X0.00/Y-7.50/m,457109.99,4668640.69,448.84
1255,0,2,46,0,0,442.97,0.0,0.0,0.0,457213.38,4668752.03,COTA,0.001,0.0,34,1,5.0,5,443.0,COT01,/POSE/X-19.25/Y0.94/m,457213.38,4668752.03,442.97
1257,0,2,46,0,0,442.61,0.0,0.0,0.0,457252.62,4668693.2,COTA,0.001,0.0,34,1,5.0,5,442.6,COT01,/POSE/X5.41/Y1.24/m,457252.62,4668693.2,442.61
1262,0,2,46,0,0,441.07,0.0,0.0,0.0,457396.36,4668877.14,COTA,0.001,0.0,34,1,5.0,5,441.1,COT01,/POSE/X-0.38/Y-7.68/m,457396.36,4668877.14,441.07
1266,0,2,46,0,0,439.68,0.0,0.0,0.0,457282.9,4669071.19,COTA,0.001,0.0,34,1,5.0,5,439.7,COT01,/POSE/X0.00/Y-7.50/m,457282.9,4669071.19,439.68
1267,0,2,46,0,0,439.54,0.0,0.0,0.0,457174.91,4668981.75,COTA,0.001,0.0,34,1,5.0,5,439.5,COT01,/POSE/X0.00/Y-7.50/m,457174.91,4668981.75,439.54
1269,0,2,46,0,0,441.39,0.0,0.0,0.0,457137.03,4668909.92,COTA,0.001,0.0,34,1,5.0,5,441.4,COT01,/POSE/X-4.45/Y-8.28/m,457137.03,4668909.92,441.39
1271,0,2,46,0,0,441.53,0.0,0.0,0.0,457175.16,4669110.67,COTA,0.001,0.0,34,1,5.0,5,441.5,COT01,/POSE/X-6.13/Y-9.85/m,457175.16,4669110.67,441.53
1272,0,2,46,0,0,439.07,0.0,0.0,0.0,457430.37,4668972.82,COTA,0.001,0.0,34,1,5.0,5,439.1,COT01,/POSE/X0.00/Y-7.50/m,457430.37,4668972.82,439.07
1275,0,2,46,0,0,435.12,0.0,0.0,0.0,457325.97,4669234.55,COTA,0.001,0.0,34,1,5.0,5,435.1,COT01,/POSE/X0.00/Y-7.50/m,457325.97,4669234.55,435.12
1282,0,2,46,0,0,435.27,0.0,0.0,0.0,457387.85,4669195.58,COTA,0.001,0.0,34,1,5.0,5,435.3,COT01,/POSE/X-12.85/Y3.75/m,457387.85,4669195.58,435.27
1291,0,2,46,0,0,429.18,0.0,0.0,0.0,458208.85,4670027.96,COTA,0.001,0.0,34,1,5.0,5,429.2,COT01,/POSE/X-17.39/Y8.54/m,458208.85,4670027.96,429.18
1294,0,2,46,0,0,441.49,0.0,0.0,0.0,458370.69,4670104.3,COTA,0.001,0.0,34,1,5.0,5,441.5,COT01,/POSE/X-4.47/Y-9.34/m,458370.69,4670104.3,441.49
1295,0,2,46,0,0,431.16,0.0,0.0,0.0,458085.67,4669894.2,COTA,0.001,0.0,34,1,5.0,5,431.2,COT01,/POSE/X-7.66/Y-8.49/m,458085.67,4669894.2,431.16
1297,0,2,46,0,0,529.75,0.0,0.0,0.0,457938.93,4670906.99,COTA,0.001,0.0,34,1,5.0,5,529.8,COT01,/POSE/X0.00/Y-7.50/m,457938.93,4670906.99,529.75
1300,0,2,46,0,0,439.76,0.0,0.0,0.0,457825.53,4670326.4,COTA,0.001,0.0,34,1,5.0,5,439.8,COT01,/POSE/X3.07/Y0.26/m,457825.53,4670326.4,439.76
1303,0,2,46,0,0,434.64,0.0,0.0,0.0,457930.65,4670269.39,COTA,0.001,0.0,34,1,5.0,5,434.6,COT01,/POSE/X-15.91/Y-9.33/m,457930.65,4670269.39,434.64
1305,0,2,46,0,0,433.81,0.0,0.0,0.0,458092.69,4670337.16,COTA,0.001,0.0,34,1,5.0,5,433.8,COT01,/POSE/X0.00/Y-7.50/m,458092.69,4670337.16,433.81
1307,0,2,46,0,0,436.18,0.0,0.0,0.0,458272.21,4669085.0,COTA,0.001,0.0,34,1,5.0,5,436.2,COT01,/POSE/X-6.39/Y-8.29/m,458272.21,4669085.0,436.18
1308,0,2,46,0,0,438.33,0.0,0.0,0.0,458264.06,4669010.33,COTA,0.001,0.0,34,1,5.0,5,438.3,COT01,/POSE/X3.61/Y-3.44/m,458264.06,4669010.33,438.33
1309,0,2,46,0,0,449.68,0.0,0.0,0.0,458169.75,4668636.12,COTA,0.001,0.0,34,1,5.0,5,449.7,COT01,/POSE/X0.00/Y-7.50/m,458169.75,4668636.12,449.68
1315,0,2,46,0,0,458.18,0.0,0.0,0.0,458332.52,4668626.07,COTA,0.001,0.0,34,1,5.0,5,458.2,COT01,/POSE/X0.00/Y-9.37/m,458332.52,4668626.07,458.18
1316,0,2,46,0,0,516.54,0.0,0.0,0.0,459104.2,4668614.83,COTA,0.001,0.0,34,1,5.0,5,516.5,COT01,/POSE/X5.21/Y-2.91/m,459104.2,4668614.83,516.54
1322,0,2,46,0,0,658.98,0.0,0.0,0.0,460474.34,4668601.52,COTA,0.001,0.0,34,1,5.0,5,659.0,COT01,/POSE/X-21.22/Y1.05/m,460474.34,4668601.52,658.98
1324,0,2,46,0,0,626.13,0.0,0.0,0.0,459912.47,4668676.75,COTA,0.001,0.0,34,1,5.0,5,626.1,COT01,/POSE/X0.00/Y-7.50/m,459912.47,4668676.75,626.13
1325,0,2,46,0,0,435.73,0.0,0.0,0.0,457367.83,4669180.86,COTA,0.001,0.0,34,1,5.0,5,435.7,COT01,/POSE/X-3.96/Y-9.17/m,457367.83,4669180.86,435.73
1326,0,2,46,0,0,435.22,0.0,0.0,0.0,457246.32,4670466.08,COTA,0.001,0.0,34,1,5.0,5,435.2,COT01,/POSE/X-0.50/Y-8.63/m,457246.32,4670466.08,435.22
